商品id,未来一周天均销量
【七月妈妈】山东红薯粉条500g*3袋,0
【李老板】爆款 俄罗斯风味国产紫皮糖每包158g 拍1发5包,0
45°帝王经典100ml五粮液股份有限公司出品,0
【伦哥专享】21新米 十月稻田 长粒香米  2.5kg*4袋,0
【自嗨锅】粉丝福利酥麻牛肉粉自热锅 86g,0
【池妈专属】池妈@鸭脖60g/根 原味or香辣79.9元/8根,0
【宠粉款】大号葡式蛋挞皮90个 欣乐家庭烘培（1800g）,0
晟迪180g*2袋 香辣孜然三角骨 冷冻保存 顺丰包邮,0
火锅宽粉重庆佳仙锅主火锅粉100g袋红薯粉苕皮火锅食材,0
海天味业零添加玉米胚芽油4.9L*2近20斤纯油年货礼包,0
（自播链接）牛栏山小百年45度浓香型固态法纯粮酒255ml单瓶白酒,0
优本味 吮指小麻花 牛肉味 400g/箱,0
养氛白芸豆黑咖啡0脂肪速溶黑咖啡(2g*10袋)/盒,0
【买一送一】比比赞蛋黄酥300g送300g,0
[北京顺丰] 【2箱】特仑苏纯牛奶250ml*16包*2箱,0
Ayibo/阿一波冻干银耳羹 红枣 枸杞 15g*6包/盒 速食冲泡即食免煮,0
卡贺家 巧克力の小黑饼400g/箱 巧克力味饼干休闲零食品早餐饼干,0
老式传统糕点羊角蜜果子蜜糖角70、80后儿时的回忆500g,0
【文哥专享】娃哈哈经典AD钙奶220g*20瓶*1箱,0
红豆家海苔卷   连云港发货   海苔肉松卷  100克,0
【依宿山】菊花枸杞茶决明子金银花组合  120g/盒   A1 ,0
奶香味3包+焦糖味2包 三合一球形爆米花组合 有糖油玉米 200克/包,0
【憨豆熊】巴旦木250g500g扁桃大杏仁坚果手剥巴达木零食,0
【主播严选】宛若新生羽衣甘蓝粉粉果蔬汁粉绿叶菜 5g*12袋/盒,0
重庆火锅底料牛油小方块50g个人小火锅炒菜调料,0
带衣烘焙腰果仁盐焗大颗粒坚果休闲零食大罐装净含量500g,0
李子柒螺蛳粉广西特产柳州螺蛳粉335g*4袋,0
神宫【主播推荐 】爆辣泡椒*金汤肥牛*河粉牛骨汤底6桶装整箱,0
【粉丝福利】皇冠世家曲奇饼干72G,0
【小贝专享】辛拉面香菇牛肉+辣白菜120g*5*2袋装方便面,0
【洽洽】洽洽经典红袋香瓜子26g*10袋超值福利——DB,0
（旗舰）甘源【囤货大礼包】核桃腰果炒米坚果炒货组合23包,0
【8包装】330g萱宝家柳州螺蛳粉袋装速食广西螺丝粉特产粉丝XCM,0
【叮叮懒人菜】虾饼160g*3袋 果蔬鲜虾饼半成品快手菜速冻菜肴,0
【主播专属】咸蛋黄酥千层酥糕点零食饼干1盒,0
【小伍专享】云食间 龙岩红衣花生香酥花生休闲零食坚果炒货158g,0
俄罗斯进口巧克力糖果Slavyanka奶罐夹心榛仁结婚喜糖500克包邮,0
嘴巴香辣条亲嘴片大包+小包+小羊排（共400g）,0
中国梦尊享版52度白酒高级礼盒装生态蓝500ml*2,0
【年货专享】豆乳威化饼干128g×4袋网红健康休闲零食|A4|,0
10袋起拍-重庆佳仙老火锅底料50g独立小包装麻辣烫火锅底料,0
【郝劭文专享】妙可蓝多奶酪棒500g*2=到手50支 小超市特惠价,0
林家铺子冰糖黄桃200g*3罐 儿童水果罐头,0
特辣-重庆特色佳仙老火锅底料50g手工全型麻辣烫懒人小袋串串香,0
逗海哧310gx5包柳州螺蛳粉正宗广西柳州螺蛳粉,0
【官】卜珂零点 速溶松露形黑巧克力碗装精美礼盒装网红零食408g,0
【资养颜】五黑糕150g,0
【怡宝补贴价】怡宝纯净水4.5L*4桶/箱 家庭装 泡茶煲汤-newZB2,0
【柚子专属】一条狗烧麦 540g*4 三丁+蛋黄+梅干菜/腊肠 送馄饨,0
思乡山网红辣条125g*4包香辣片魔鬼辣丝麻辣棒爆辣零食湖南特产,0
【抢跑年货节】经典28℃松露型速溶巧克力80g*3盒,0
冠生园大白兔奶糖许鲜森花生牛轧糖拼盘300克礼盒装,0
【苛选推荐】中粮长城 2022年壬寅虎年限量版750ml*6瓶 整箱装,0
【疆果东送】漠上果园新疆源头产地直供手剥纸皮核桃205g/包,0
明星句号代言川天娃卤肉料包  15g×10包拍一发三,0
【年货专享】有零有食冻干榴莲干58g×3袋健康零食榴莲脆|G3|,0
比利时Cupido松露巧克力175g,0
禧小饮糖纳红豆20g 免煮即食小包装熟红豆蜜豆烘焙珍珠奶茶店原料,0
咔咔拌麻辣拌免煮速食干拌麻辣烫即食宿舍夜宵网红懒人非自热3碗,0
【爆款】良品铺子手撕面包 1000g/箱  J,0
锐澳RIO强爽苹果西打330ml*1+水蜜桃330ml*1限购1件,0
【1小时锁鲜】灶小美内蒙古糯玉米非转基因黏玉米12支礼盒装2500g,0
【勺子姐专享】新竹米粉玉米制作细米粉干炒粉广东炒米粉3斤,0
码头夫人  熟食大鱿鱼   即食海鲜400g/包,0
荃优美食杂粮混搭年糕块500g,0
小鹏食品老式大辣片8090后儿时休闲零食网红辣条豆皮吃货小吃68g,0
酸奶巴旦木250g酸奶大礼包山楂球奶片奶醇固体酸奶,0
HADAY/海天【小影推荐】海天味极鲜酱油1.28L/瓶,0
碧根果新货大颗粒奶油味净重500g250g孕妇办公室坚果干果零食5斤,0
开袋即食 小石头大鸭翅 独立真空包装22克/包,0
十吉重庆老火锅底料50g小包装一人份牛油麻辣香锅麻辣烫冒菜调料,0
果汁QQ糖一罐500g拍一发二  不挑款20款,0
秋淘新货大颗粒夏威夷果奶油味250克袋装孕妇零食坚果,0
【奈思专属 】 新升级益生元乳酸菌味饮品胃动力0脂肪340ml*12瓶,0
【知味观】杭州特产新春八宝饭300g血糯八宝饭300g方便速食,0
奇亚籽坚果藕粉500g/罐,0
芒果干500g250g袋装水果干蜜饯果脯整片网红小吃儿童休闲零食,0
53°汾酒杏花村玻瓶475ml（升级版）*2,0
【新人专享】 开心果特大颗粒本色原香500克/250克罐装袋装,0
柏慧豆皮肉卷180g*5袋即食五香干豆腐卷肉豆皮鸡肉卷肉签千张卷肉,0
网红零食 有馍有样 鸡蛋馍丁 300克/箱13包,0
趣悠悠莱阳秋梨膏棒棒糖袋装15支90克（联）,0
【刘媛媛生日专享】六个核桃 虎年贺岁罐  精品型240ml*16  ,0
【解压零食铺zz】德芙巧克力丝滑一刻得福一生圆筒4.5g*15粒,0
【HN圣宝萌】爆款国产紫皮糖200g*4包夹心巧克力糖果年货XS,0
[北京顺丰] 【2箱】特仑苏纯牛奶利乐钻250ml×16包,0
【山药南瓜酥】酥脆可口 非油炸 好吃又健康 老少皆宜 1500g,0
【龙姐专属】雨子坊阿胶固元糕200g（约20块）*3盒,0
【5袋69元包邮】正宗山东酱香卷肘  下酒又下饭  老人小孩都爱吃,0
五常长粒香米10斤 拍一发二到手20斤东北大米 真空包装 新米现磨,0
【福利专属】伊利全家系列全脂甜奶粉400g 新老包装随机,0
豫道食品 甄选纯红薯粉 黑金版酸辣粉135g*6桶装/箱 冲泡即食,0
华夏百分变态超辣鬼椒面6桶整箱装,0
江巢羽衣甘蓝粉食蔬粉36g/盒 B1,0
【新上市】纸皮巴旦木 超好剥袋装净重250g500g1000g,0
拉丝花生夹心巧克力约80个坚果休闲零食,0
燕之坊 七日粥早餐杂粮粥100g*9袋&腊八粥【发货快】 ,0
【老爹年货推荐】东北粘糯玉米10支 大于200克约长14cm/支 ,0
比比赞爆浆芒果味软糖500g袋装【约45个】,0
 宅猫日记 岩烧芝士脆饼干日式网红薄脆咸甜味118g*5,0
泓一北海道风味牛乳味夹心威化饼干整箱240g休闲零食年货点心 Y7,0
舟山即食海鲜原味鱿鱼条50g手撕鱿鱼条,0
六婆蘸料2g*20小包装干碟辣椒面烧烤火锅串串外卖蘸料烤卤肉料,0
【新食神】番茄牛骨味浓汤底（4袋/包）,0
【海福盛】猛料升级冻干粥4口味8杯组合装,0
【柚子专属】巴扎寻味开口杏核 五香味 100g*5包,0
正宗老上海风味葱油饼家庭装20片90g葱油饼手抓饼早餐煎饼批发,0
粉丝福利  武汉热干面9包（送9袋酸豆角）,0
【拍一发三】奇亚籽坚果藕粉羹 饱腹充饥 营养代餐 500g,0
【工厂福利】开袋即食 小石头大鸭翅 独立真空包装22克/包,0
【年底大促】 阿胶驴肉  开袋即食 200g/袋 新老包装随机发,0
【粉丝福利】HXQ韩小欠爆米花玉米粒三合一200g拍一发三,0
【刘媛媛生日专享】盐津铺子210g辣卤礼包（20小包有肉有蛋）  FL,0
【乌啦啦专享】九日牌果肉果汁饮料葡萄味238ml*10罐,0
推荐_【三只松鼠_坚果大礼包/欢悦款/2831g】MJ,0
【翻天娃】9.9元3包爆辣通心棒辣条魔鬼辣网红儿时怀旧面筋68g/包,0
【福利优选】巧遇心松露巧克力80g/盒（拍1发3）,0
【年货囤好货】推荐_【三只松鼠_定制年货坚果肉食大礼包/2122g】,0
「少帅粉丝浮力」13包 三角妙角脆休闲零食,0
新货东北松子特大颗粒开口红松子坚果休闲零食大罐装净含量500g,0
盐焗粉30g 叫花鸡窑鸡广东客家风味家庭翅鸡爪手撕盐焗大虾海鲜,0
【直播】薄壳原味巴旦木250g坚果扁桃仁杏仁孕妇零食散装干果整箱,0
【热度】「9.9送网红冰川杯」20条/盒黑咖啡0添加蔗糖2克*20包/盒,0
【燕壹壹】豉汁王调味酱（每一袋60g）,0
 6袋9.9包邮口味升级装鸡精调料品土鸡鲜精独立包装100克,0
【80包仅9.9】美国青豆青豌豆年货节零食休闲零食炒货小吃整箱,0
【A】带衣腰果紫皮500克装/250克装紫皮腰果袋装,0
【郝劭文专享】诺梵松露形巧克力福虎迎春限定礼盒500g,0
士力架牛奶花生夹心巧克力460*1桶,0
【好照头黄金渔翅】23g湖南特产，香辣可口，网红特色小零食,0
薄荷清凉奶糖288g冰凉清爽薄荷因子奶片怀旧童年回忆小零食富田,0
披荆斩棘的哥哥同款【良品铺子】高蛋白肉脯500g,0
【直播限定】火山石烤肠台湾烤肠纯地道肉肠脆皮肠热狗烤肠3盒,0
【拍一发六】丹麦风味曲奇饼干56g/盒,0
恋上谷奇亚籽坚果藕粉羹500g/桶,0
10袋起拍-重庆特色佳仙老火锅底料50g手工全型麻辣烫底料懒人微辣,0
琥珀核桃仁新货熟核桃仁净重500g250g孕妇办公室坚果干果零食5斤,0
【高品质】芒果干 大片厚切 鲜果制作 250g,0
【dd】带衣腰果紫皮500克装/250克装紫皮腰果袋装,0
【甘源官方】甘源坚果无壳核桃仁腰果豆果瓜子仁青豌豆18包组合装,0
其妙口口有料燕麦酥整箱200g约50颗燕麦巧克力涂层,0
【粉丝专享】【9.9元30包素肉】创奇手撕素肉麻辣豆干30-90包,0
【天花板级别2包补贴24】黑娃古法瓜子300g内蒙古363天花板级别,0
【依宿山】酸枣仁百合茶60g A,0
旺旺巨型大礼包2.8kg 网红零食袋旺旺大礼包休闲零食组合送女友,0
宾格瑞韩国香蕉草莓哈密瓜香草味牛奶饮料200ml*24盒多口味混合装,0
【新货】 夏威夷果 奶油味袋装净重250g500g1000g,0
/莫斯森林俄罗斯风味大列巴面包500g/4个,0
孔府膳香酥手工煎饼（黑米+五香花生）两盒500克,0
【粉丝福利】熙景源0蔗糖牛乳沙琪玛400g牛乳味早餐糕点追剧点心,0
【新品】霸蛮爆炒酱100g/袋（内含2包）调味料家常菜炒菜调味,0
【年终大促】妙可高钙奶酪棒工厂直发20g*3只 拍一发4包共计12根 ,0
洪崖洞重庆牛油火锅底料150g*3袋，微辣。,0
八千步高蛋白金丝肉卷即食低热卡代餐零食解馋健康鲜辣蔬肉75g/包,0
美丽家高粱饴：软糖 童年记忆 拉丝多口味饴糖 500g/包,0
【刘媛媛生日专享】西麦虎年好运满满燕麦礼盒-3066g,0
富菓乐炸小酥肉专用粉100g家用香酥 裹粉 脆皮浆粉能炸肉炸鱼,0
宅猫日记 岩烧芝士脆饼干日式网红薄脆118g*5,0
【非遗】十吉重庆老火锅底料50g小包装一人份牛油麻辣火锅调料,0
猫影【小影推荐】多口味高粱饴500g/包,0
泓一蔓越莓雪花酥零食小吃年货休闲食品牛轧糕点饼干400g约33枚,0
【川哥专属1】39度 五粮液集团黄金酒 万福 240ml/瓶,0
【主播力荐】回味一梦风干手撕长鸭脖53g整根氮气锁鲜网红小吃,0
何氏爱民柳州螺蛳粉正宗方便速食袋装280g*5袋*1箱广西方便电煮锅,0
【董新尧粉丝专享】肉松夹心海苔卷200g整箱约35根 即食休闲零食,0
 玉米自发粉900g家用包子馒头花卷杂粮粉高筋面粉玉米粉,0
原色无漂白特大颗粒开心果500g250g原味坚果干果零食5斤批发,0
【直播宠粉浮力】火郎重庆牛油老火锅底料50g/袋一人份家用火锅,0
【年货必囤】大餐伴侣-白芸豆黑咖啡正品保障男女通用10包☆2,0
广西藤县老树大红八角大料大茴香无硫熏卤料香料100/250/500克,0
【刘媛媛生日专享】诺梵虎年限定松露巧克力四口味500g礼盒装,0
【小贝专享】我的天呐 爆款麻辣关东煮网红爆肚粉组合到手6桶,0
云岭村手工制作蒲草酱香干子 300g*2袋,0
【米兜妈妈专享】 金燕耳高山本草有机银耳70g  老人小孩都能吃,0
【直播】享食者奶油味碧根果250g干果长寿坚果一整箱孕妇零食礼包,0
A1:雨润牛肉粒{香辣味}{沙嗲味}50g,0
FUJIABAO/福嘉堡【酒仙网专属】精酿德式风味11°P小麦白啤1L罐装,0
川渝特产  莫可比麻辣萝卜干238g盒装 指定地区包邮,0
暴肌独角兽 0脂黑咖啡 3秒速溶冷热口感醇厚双泡独立装2g*10支,0
腊八蒜 绿蒜 糖蒜 醋泡大蒜 770g一瓶 爽脆可口,0
山西杏花 红高粱 53度清香型白酒 475ml*1,0
【福利】焦糖饼干/一箱22包44片比利时风味休闲零食,0
良品宜刻良品宜刻辣白菜韩式咸菜腌制下饭菜美味酸辣家庭泡菜500g,0
徐老板虎皮鸡爪108克+小鸭爪65克+鸭翅70克+小香薯200克,0
【官方直播】RIO/锐澳预调酒果酒洋酒微醺X清爽330ml*28罐,0
九岭夼大黄米汤圆多种口味420克元宵汤圆花生网红汤圆馅料黑芝麻,0
传统手工麦芽糖1斤、2斤装【现做现发】新,0
德芙丝滑牛奶巧克力4.5g喜糖12粒装（赠汉堡盒）,0
菁荷桂花坚果藕粉羹奇亚籽坚果藕粉羹500g,0
壹堂麻手工麻枣芝麻筒雪枣大京果芋头酥芙蓉果蓼花糖250g,0
升泉古法瓜子300g*4袋多味瓜子香炒货休闲网红零食大颗粒脱皮瓜子,0
阿帆武汉风味热干面独立包装170g碱水面（含料包）,0
金沙河自发粉【无任何添加】2斤/4斤 馒头包子无需加酵母面粉,0
小熊驾到 新奥尔良烤鸡翅蜜汁微辣香辣腌料3罐装组合,0
五粮液一尊天下+杜康(龙马)+杜康A99+贵州王子 组合 共12支,0
【顺丰冷链】叮叮懒人菜老坛酸菜鱼450g*3袋  国产黑鱼 半成品菜 ,0
60包 花生夹心巧克力能力棒 牛轧糖 休闲零食喜糖年货整箱,0
粗粮玉米面条*11袋（每袋250克）,0
【送冰川杯】白芸豆黑咖啡20克（2克×10包）,0
小包装火锅底料50g/袋装小方块重庆火锅底料麻辣烫串串冒菜调味料,0
【优选】五常长粒香米10斤 新米 东北农家大米 长粒香 五常发货,0
肖叔叔螺蛳粉柳州正宗螺狮粉广西特产螺丝粉330g*5袋方便速食米线,0
【官方】味滋源休闲零食坚果饼干膨化礼盒10包1280g送礼,0
【粉丝福利】贵州酱酒53度礼盒装500毫升单瓶【拍2赠礼袋】,0
【年货专享】有零有食冻干草莓38g健康即食脆休闲零食草莓脆|F1|,0
【达人新年限定款优选】渣渣灰南昌拌粉经典原味195g*3/6盒装D,0
山西陈醋 （亮匠原浆醋） 纯粮食0添加2.5L 【拍一发二】小张雷,0
【好想你_年货红枣礼盒1876g/8袋】枣夹核桃坚果大礼包 花开富贵,0
【推荐】广式薄皮菌菇咸口烧麦每袋500g,0
【工厂直销】新货新疆阿克苏185纸皮核桃1/2/5斤,0
秋水良田五常稻花香5斤真空包装/源头工厂/五常直邮,0
【8袋云南菌菇】云南营养七彩菌菇包菌类煲汤食材62g/过年送爸妈,0
【口味组合装】时刻陪你纯牛奶营养早餐手撕面包200g/包,0
2018年冰岛龙珠 普洱茶（生茶）8g/颗<yfx>,0
【大博奶奶联名款】麻酱米线（水煮型） 南阳特色细米线 210g/袋,0
【西安咸阳专享】陕西凉皮岐山擀面皮300g*8袋送2瓶油泼辣子,0
【挑战逆天苦】口口有料 其妙纯黑巧克力100%纯可可脂120g共24片,0
大家乐大黄米汤圆300g（纯花生、纯芝麻）网红速冻元宵,0
味怡康海南白胡椒粉家用炒菜调料500g送100g包邮复合调味料,0
德芙巧克力礼盒新年礼物送女友生日高档实用礼品95.4g,0
卫龙魔芋爽约15g素毛肚辣条超市同款香辣麻辣休闲零食素肉,0
【刘媛媛生日专享】金鹤生态长粒王东北大米真空包邮5kg*2袋,0
【主播粉丝专享】七螺珠螺蛳粉300g*3袋柳州特产螺丝粉方便速食,0
【买一送一】桃李 果子面包240g*1袋 营养早餐休闲零食下午茶,0
【小杨哥专属】枇杷秋梨膏冰糖雪梨枇杷膏儿童宝宝成人130g/支,0
螺千味305g*8广西柳州螺蛳粉袋装速食螺狮粉-LD,0
【3箱】伊利 安慕希希腊风味酸奶原味205g*12盒 ,0
【音爆补贴】德芙礼盒588g-年年得福,0
网红手剥笋500g香辣笋尖泡椒脆笋手撕笋即食手剥笋,0
【9.9发20包】拍两份发50包  山药南瓜千层酥,0
【陳粮號】小户赛古树龙珠  普洱茶（生茶）紧压茶  160g（8g*20),0
【炮炮唐专属】鱿鱼爱上虾 虾条+鱿鱼酥 30g*8袋 膨化食品,0
【良品铺子】良品谢礼-欢聚坚果礼2038g,0
（拉飞哥推荐）52°白水杜康金元宝酒125ml,0
延边特色烧烤串料蘸料撒料（原味、香辣、特辣）8包9.9【包邮】,0
【小贝专享】食族人酸辣粉3桶+火辣爆肚粉3桶多规格可选,0
【新货】带皮腰果仁500g散装称斤原味盐焗紫皮腰果越南特产坚果,0
【颗粒】奇亚籽坚果藕粉羹500克/罐两罐送杯勺,0
【拍两份发70根】花生酱夹心小芝麻棒代餐30根/一箱,0
【洽洽】瓜子大礼包组合装11包892gTZ-LDB,0
郎酒 国藏郎精品升级版 52度 500ml 浓香型 高度白酒,0
【热度】淘味熊奶盖沙琪玛380g/盒*2（杏仁/水果/棉花）,0
滇茶-冰岛龙珠熟茶8克,0
诺梵年货大礼包松露型巧克力礼盒装送礼物品圣诞零食（代可可脂）,0
品贡香猫牙米5KG/十斤/包 2021年现磨新米优质长粒米,0
【爆款】玫瑰芝麻枣夹核桃仁380g新疆红枣夹心核桃仁独立小包装,0
【9.9元22包】巧玲珑鲜虾饼整箱22包雪饼米饼168克/箱,0
【音爆补贴】年货士力架德芙大白兔糖果1箱,0
天勤粒粒净新大白糯 个头升级甜糯升级 尝鲜装8条,0
【软糯香甜】大黄米汤圆 冷冻水煮元宵400g/袋  黑芝麻花生馅汤圆,0
广式特色腊味蛋黄凤凰盏250g一盒,0
第二件1元！【橙子快跑】200g花生酱颗粒麻酱抹面包,0
【直播推荐】青岛啤酒 白啤11度 焕新包装 500ml*12听,0
老唐推荐：龙须菜 250g/袋（拍4袋送3袋共7袋）,0
沙拉海藻口味酸甜爽脆口 开袋即食裙带凉菜180g,0
水果味软糖 混合橡皮糖 QQ软糖散装500g/1000g,0
【三种口味】酸辣/蒜香/香辣柠檬网红无骨鸡爪即食零食200g/500g,0
【董哥粉丝专享】康师傅无糖冰红茶饮料330ml*6瓶,0
【柒哥专属】沂蒙公社山楂条100g/袋,0
100g可嚼咖啡糖即食咖啡豆上课工作常备网红咖啡零食【嘉思贝】,0
湖南风干五香麻辣香肠1斤装,0
【郑老师专享】贵州王子酒 酱香型53度 460ml*买一送一共2瓶,0
【21年新米】五常大米稻花香2号10斤真空装五常产地直发现磨现发,0
幸福收纳者铁桶礼盒 七种口味集结1077g ZY3,0
【洽洽】洽洽经典喀吱脆组合35g*10条-DY,0
冬日独立真空包装农家手工红糖糯米糍粑 1斤3斤5斤驴打滚湖南特产,0
【陈三废专属】精武全荤礼盒1540g 卤味年货零食大礼包,0
海南特产休闲食品 文昌 锦山亚妹牛肉干39克 五香味 香辣味,0
【直播】味滋源年味坚果零食大礼盒12包1290g,0
【垮哥】烤鳕鱼片营养零食肉质细腻厂家直发烤鱼片 45g/袋*4,0
推荐_【三只松鼠_坚果大礼包/欢悦款/2831g】C4,0
顺丰空运包邮 榴莲千层800g纯动物奶油8层金枕榴莲果肉400g,0
熙贝 银坑村开心果特大颗粒 本色原香袋装250克/500克2.5kg,0
聚广德  红糖姜茶桂圆红枣枸杞黑糖姜茶 180g/盒,0
临安粳米水磨年糕独立真空包装 2斤/5斤,0
特大颗粒带皮大腰果仁500g250g新货盐焗散装坚果干果零食干货5斤,0
【活动专属】0碳水高蛋白午餐肉罐头煎炒涮火锅198g,0
百鲜生膳食肠烤肠2袋/4袋原味肉肠地道肠,0
包青风鲜汁肉包大包子80g×6粒营养早餐,0
邕桂妃多彩芋圆200g/袋*4袋大小组合成品甜品鲜圆烧仙草自制原料,0
【10包仅需49元】东北特产纯玉米面条 劲道爽滑 营养丰富 ,0
老坛酸菜鱼450g*6包【叮叮懒人菜】半成品菜美味方便菜,0
【官方】雀巢怡跃安骼高蛋白高钙高铁脱脂女生营养奶粉350g*2盒,0
费列罗金球榛果夹心巧克力T30颗婚庆礼盒休闲零食年货送女友礼物,0
【8包仅69.9元】腾达铁棍山药刀削面 营养辅食 劲道爽滑 450g/包,0
重庆良厨发酵型底料50g独立包装一人食小火锅炒菜调料,0
泡沫箱肠粉200g（送灵魂汤汁配菜）6份起拍,0
【主播浮力】无骨鸡爪  500克/1斤 川味香辣/酸辣/蒜蓉 200克=1盒,0
八千步鸡胸肉肠即食鸡肉肠健身低脂卡代餐零食品解馋包邮  60g/根,0
【满小饱爆款】 3袋装 香港肥汁米线九级酸辣米粉 310g/包,0
黑糖坚果沙琪玛15枚装好吃整箱,0
【凯福】怪味胡豆100g/袋  重庆特产小吃怪味蚕豆  指定地区包邮,0
太妃糖巧克力味爆浆夹心太妃糖袋装糖果250克,0
【美食时代专属】五福超满足精选早餐组合1700g,0
低卡博士 小花袄1.0 挺好吃的鲜椒牛肉酱一瓶220克 开盖后需冷藏,0
（浮力）俄罗斯风味大列巴面包500gx4个,0
(燕子)农家前腿腊肉1斤到10斤腊味现称恩施特产E,0
【游三推荐】JIAO PO/ 焦陂大曲浓香型白酒 52度 450ml*6瓶,0
【董妈妈推荐】醋粉陕西发酵凉皮6袋*270g蒜香味/麻酱/麻辣,0
【吃欢天】兰州牛肉面 93g*12桶 非油炸 面呷面兰州拉面,0
待见【沙棘汁饮料8瓶】家庭装 酸甜可口 高VC果汁,0
年糕大叔韩式部队火锅套餐韩国部队锅芝士年糕福袋食材组合1075g,0
蟹小果 无骨鸡爪 （酸辣 、川味）即食罐装  去骨凤爪 500g /罐,0
新货手剥巴西松子500g散装大颗粒松子非特级特大孕妇零食干果零食,0
颂优乳 低糖全豆原味豆乳 200ml*6盒/200ml*10盒  礼盒装,0
俄罗斯混合糖果巧克力糖果500克/袋,0
卢小开 | 东北土豆粉条2.5kg/袋,0
【宠粉款】大号葡式蛋挞皮30个+ 蛋挞液500g 【欣乐】家庭烘培,0
【娘炊烟】9.9元/2包60g 简单做家庭版叫花鸡窑鸡,0
蜀中桃子姐钵钵鸡调料包320克冷锅串串香底料包,0
H2：口水娃素大刀肉288g,0
正宗东北切糕大黄米糯米年糕粘糕特产280g*5袋即食手工传统整块,0
奥尔良小鸡腿 小石头鸡翅根 独立真空包装 开袋即食5包/10包/20包,0
[年货福利礼盒装]黄老五花生酥米花酥812g四川特产传统零食,0
巴旦木大杏仁坚果扁桃仁装薄壳原味手剥散装干货500g零食,0
新货夏威夷果奶油味250g/500g袋装炒货休闲小吃孕妇零食干果坚果,0
兴霸武汉热干面独立包装180g*5包碱水面（带调料）,0
【天海藏】6盒装金汤佛跳墙240g/盒（升级）,0
盐津铺子210g休闲零食辣卤礼包（20小包 有肉有蛋）【蜂雷心选】,0
趣悠悠乳酸菌无糖棒棒糖24支袋装三口味(144克)/草莓味8支(56克),0
【好物推荐】窝小芽黑芝麻牛油果油亚麻籽油核桃油50ml*3,0
加加减盐金标1.25L+料酒1.25L+老抽+凉拌生抽+蚝油+醋加赠共11件,0
老灶煮老灶煮老灶煮卤煮入味带壳花生72g*5袋起休闲零小吃下酒菜,0
正宗四川特产农家烟熏腊鸭一只装,0
【好物推荐】经典28℃松露型速溶巧克力80g/盒（拍1发6）,0
【开小差】千万两零食大礼包内含20包,0
【年货好礼】傣乡园云南玫瑰鲜花饼早餐糕点礼盒装饼30g*10枚/盒,0
【修蜜严选6】修蜜桂花坚果藕粉羹果干总含量43%500g/罐厂家直发,0
【郝老师专享】百威哈尔滨醇爽330ML*24听（2箱）（分开发货）,0
爆款代可可脂果仁夹心巧克力紫皮糖200g /包拍一发四,0
品音棒棒糖《一生有你》爱心棒棒糖18g/支 心意告白糖果礼品,0
【麻辣传奇】农家天然自制烧椒酱 鲜辣呛香焦香油润 地道川味280g,0
【小杨哥专属】32枚蛋黄酥实惠分享装 C,0
天海藏原味烤肠*2袋+黑胡椒烤肠*2袋,0
汇源果汁100%臻贵礼盒1L*5盒【口味随机】（送420ml95°黑6瓶）,0
料百年【9.9元20包】五香卤料包卤肉卤菜调味料包15g/包可卤4-5斤,0
【主播专属】红糖姜枣茶 桂圆红枣枸杞茶玫瑰花姜片  150克/盒,0
新博明雪莓娘预拌粉雪媚娘皮原料免蒸版250g/1kg,0
【宸泽专享】元气简餐冻干酸奶块多口味组合装45g袋装,0
【主播专享】小7婶 螺蛳粉335g*5袋装整箱袋装正宗广西柳州特产,0
【醋小妹】山西特产6度老陈醋十年陈酿无添加纯手工醋5斤拍一发二,0
杰顿脆脆筒巧克力味夹心冰淇淋造型网红零食小吃188克（10支）,0
开袋即食 卤味鸭肫 小石头鸭胗独立真空包装到手两大包约18个左右,0
【SH】Danisa皇冠丹麦曲奇饼干75g盒曲奇饼干,0
先小鲜盐焗海鲜（粗海盐+香料+海鲜蘸料）调味料1082克，非盐焗粉,0
蜀中桃子姐钵钵鸡调味料320g复合口味底料包冷锅串串香,0
碧根果 奶香口味大颗粒袋装净重250g500g1000g,0
【名沙新品】草莓味/白桃味坚果沙琪玛156g四盒,0
【乌啦啦专享】日清合味道杯面12杯桶装速食方便面泡面多口味整箱,0
海苔卷 休闲零食500g/箱 混合口味,0
思乡山魔鬼辣网红辣条125g*4包湖南特产变态辣爆辣面筋辣丝小吃,0
L热卖推荐I 丹麦风味奶香曲奇饼干56g/盒(拍一发六）,0
丰帆肉肠地道肠500g*2袋/1袋/4袋台湾风味脆皮肠烤肠,0
耒湘田【微辣 超香】 红辣椒干湖南特产皱皮辣子(干红辣椒)500g,0
酸汤肥牛酱汁120g家用懒人金酸汤酱金汤料理包鱼酸辣调味酱料,0
【达人专属】【3箱】伊利 安慕希希腊风味酸奶原味205g*12盒 ,0
熘香煲大棒骨酱汁排骨料红烧肉调料秘制配方犟骨头酱汁家用180g,0
高美奇干脆面掌心脆22包-80包整箱 休闲小零食干吃方便面d,0
【拍1发3】三合一球形奶香焦糖爆米花玉米粒 每袋200g,0
清宜 荞麦葱油速食面葱油面 80g/袋 非油炸,0
【求仙岛专属】求仙岛鱿鱼仔带籽即食海鲜零食 2斤 赠10小袋扇贝,0
【橙子快跑】350g乳酪欧包巧克力欧包全麦面包,0
LYFEN/来伊份 新鲜100分零食礼盒 D款2384g   ld,0
【舟乐鲜】现烤安康鱼片50克一包/家庭版,0
燕壹壹豉汁王调味酱（每袋60g）,0
荃优美食年糕大王南瓜小米年糕条500g,0
杨婶儿酸辣粉【12桶酸辣粉】方便速食110克/桶和150克/桶,0
【晴子专属】益叔 雪媚娘网红蛋糕甜点120g /枚,0
西班牙安徒生美人鱼干红葡萄酒187ml,0
【百草味A】大巨型零食大礼包（巨有福气）3013g,0
Oishi 上好佳膨化零食组合装6g-7g混装共42包,0
凯凯推荐 希腊风味酸奶软糖 非常好吃 98克,0
推荐2：猫屎糖 茂名电白特产 椰蓉花生软糖 拉丝软糖  250g/包,0
【嘉玲妹专属】易小满海南粉海南速食特色美食3袋装海南腌粉特产,0
【工厂直售】黑芝麻无蔗糖燕麦苏打饼干20包,0
【七个柚子新年限定款】渣渣灰南昌拌粉经典口味195g*3/6盒装DB,0
送1箱豆奶【到手5箱】伊利 金典有机纯牛奶250ml*10盒/梦幻盖,0
【年货囤好货】推荐_【三只松鼠_定制年货全家礼坚果礼盒/1500g】,0
【直播间】【1瓶装】打丸哥正宗潮汕特产沙茶酱200g*1瓶,0
【宠粉 拍一发二】KlmlGong国产俄罗斯风味紫皮糖每包200g,0
【无蔗糖不甜腻】玉米威化粗粮饼干整箱100包,0
【店铺年货大礼包】虎虎生财肥汁米线大礼包 310g/袋,0
【小杨哥专属】聪师傅零食礼盒238g,0
【乌啦啦专享】王小卤虎皮凤爪200g*3,0
【一枝梅专享】喜之郎果冻7袋42粒,0
马苏里奶酪碎芝士碎 家庭披萨制作100g*3袋,0
【川哥福利】五粮液股份总厂 纳福•豪华 52度浓香型白酒500ml,0
珍选白灼汁1L清蒸鱼粤式白灼菜心西生菜白灼大虾海鲜青菜调味汁,0
北舞渡丁国华家庭装 5袋10人份 牛肉胡辣汤 清真食品,0
东北手拍榛子(熟）1.3-1.5厘米颗粒3/5斤,0
【国潮锦鲤】买一送一刻凡锦鲤宝盒混合坚果零食大礼盒 共1720g,0
【直播间福利】9,0
【泸州老窖 】老泸州珍藏版 52度500ml*2,0
玫瑰油凝胶糖果【100粒赞呈】,0
【主播严选】112g日式蔓越莓雪花酥（拍一发三）,0
觅果miguo/觅菓新货带皮淡盐味紫衣腰果500g罐装,0
腰果新货大颗粒带皮盐焗腰果500g250g孕妇办公室坚果干果零食5斤,0
【好酒推荐】比利时原装进口福佳白啤酒250ml*24瓶,0
快乐泰迪网红款椰汁饮品0色素0防腐剂植物蛋白饮料245克*10瓶整箱,0
【59元8大袋包邮】江西特产 碳烤笋尖 脆嫩鲜爽 炒菜煲汤 280g/袋,0
【洽洽】经典红袋香瓜子26g*10袋-DY,0
【风少斤叔推荐】贵州王子酒 虎年生肖酒53°酱香型500ml*1瓶,0
儿时回忆金丝糖 丝窝糖 波斯糖 龙须酥糖一盒（180/盒）,0
酸奶夹心大麻花120g*5根/箱 手工软麻花rd,0
【8包装】萱宝家柳州螺蛳粉330g/袋装速食广西螺丝粉特产粉丝米线,0
宜养8果8蔬乳酸菌饮品100ml*24瓶 礼盒装 黄圣依代言 16种果蔬,0
【林小生】低脂黑胡椒鸡胸肉酱150g/瓶 大块鸡肉,0
主播推荐【粉丝福利】15包混合每日坚果20克左右/包即食食品休闲,0
【刘媛媛生日专享】蒙牛真果粒草莓250g×12盒（每人限购1单）,0
（副）炸小酥肉专用粉100g起香酥炸肉条 裹粉 脆皮浆粉能炸肉炸鱼,0
【舟乐鲜】椒盐带鱼酥50克一包活动,0
【5袋49元 8袋69元】遂杰 手工腐竹 原浆制作 头层腐竹 120g/袋,0
【年货礼盒】诺梵松露虎年版巧克力四口味500g礼盒装h,0
四川风味 香辣麻辣特辣红油辣椒油420克商用 家用凉拌菜 油泼辣子,0
【云南松茸菌汤包】熬汤必备  正宗云南产地货  60g/袋,0
新货巴西松子250g/500g袋装手剥大颗粒松子散装坚果干果孕妇零食,0
【主播分享】日式蔓越莓奶香雪花酥112g/包（拍1发3）,0
徽树堂【买3盒送杯子】红糖姜枣茶桂圆红枣枸杞茶150g,0
HXQ韩小欠爆米花球形玉米粒三合一200g三联装,0
【老板娘现场选货优选】金华火腿切片 50g,0
【SH】费列罗榛果威化巧克力T30婚庆结婚喜糖整盒30颗,0
粉丝福利专属下午茶休闲咖啡饼干一盒118g/盒,0
【主播推荐】福建龙岩特产---秘制鸭爪29.9元/15支,0
together·hz/牵手拿铁咖啡美式咖啡即饮咖啡饮料饮品250ml*6盒,0
友膳坊【友膳坊腊八蒜69元5大罐】腊八蒜 绿蒜不臭口 400g/罐,0
【10袋起拍】佰生优8g甜酒曲酒酿家用月子酒酵母曲子,0
【大鑫优选】山东特产蜜三刀1500g包邮,0
江巢羽衣甘蓝粉食蔬粉36g/盒,0
【粉丝专享】云同学重庆老火锅底料50g小包装一人份牛油麻辣火锅,0
米多奇食品雪米饼香米饼粗粮饼组合装休闲食品小零食1160g ,0
枣稻神洲每日坚果混合坚果礼盒下包装孕妇零食干果600g礼盒装,0
【苛选推荐】徐福记沙皇萨其马沙琪玛礼盒礼箱 1471g,0
仲景上海葱油 当季小香葱熬制 葱油拌面酱230g/瓶 DSP,0
重庆秦妈火锅底料牛油麻辣烫底料80g,0
4支牛肉卷+1支鸡肉卷,0
【美食倩倩】泓一千层软撕面包早餐蛋糕点心零食小吃充饥夜宵800g,0
云南特产石屏精品免泡包浆豆腐爆浆小豆腐一盒2盒3盒4盒装,0
KONTI俄罗斯进口混合糖果435g,0
【年货必备】新货原味开心果250g/500g袋装，新鲜好吃又健康,0
【王炸福利】新疆天润低温润康方桶酸奶1kg*1桶 ,0
黄焖酱汁160g起秘制配方调料黄焖鸡黄焖猪蹄排骨鸭鹅家用酱汁(新),0
【100包-300包】质凡 小麻花好吃的休闲零食小吃膨化袋装,0
Catfour蓝山咖啡卡布奇诺风味三合一咖啡速溶粉 袋装饮品40条/袋,0
龙岩水煮白晒盐咸干五蒜香咸酥花生500g带壳原味特产,0
秋水良田五常稻花香10斤真空包装1kg*5产地直发,0
贵州五香麻辣辣椒面麻辣蘸料炸串烤肉烧烤调料香辣辣子面250g500g,0
老街口 蒜香鸭屎奶香焦糖花生2080g坚果炒货休闲零食米厂家批发,0
【2包补贴23】胜林古法瓜子精选内蒙古363大颗粒瓜子300g大包装,0
520克 赞叹鸡蛋卷原味黑芝麻味老式手工蛋卷无添加无防腐蛋香酥脆,0
火郎牌重庆牛油老火锅底料50g一袋一人份家用麻辣正宗牛油小包装,0
阿富汗松子巴西松子手剥松子500克250克,0
【实惠款】花生大掌柜大颗粒原味瓜子90克*6包,0
伊利 金典纯牛奶250ml*16盒/箱（礼盒装）,0
宅猫日记 岩烧芝士脆饼干日式网红薄脆咸甜休闲零食118g,0
【小燕年货节补贴】酸贝辣310g*6广西柳州袋装螺蛳粉,0
拍3免2 新奥尔良腌料多口味自选 140g*1,0
秋水良田五常香米长粒香五斤真空包装/源头工厂/五常直邮,0
驴打滚一盒/350g,0
奔怡 传统怀旧 老面包500g-2000g营养早餐代餐食品正宗儿时老面包,0
【主播推荐】碧翠园高蛋白豆浆粉0蔗糖/ 2盒20包①,0
乳酸菌小口袋面包整箱30包蛋糕类早餐代餐休闲零食品小吃宿舍解馋,0
云南老冰糖小粒黄冰糖特产手工老式多晶冰糖块3斤罐装1斤袋装包邮,0
【肌肉小王子】休闲小时光大礼包1700g,0
【2袋装】五谷豆浆粉每袋360g,0
【少帅专属】泰国炒米20包休闲炒货独立包装零食,0
【昕专属】Destine德斯蒂艾蜜莉轻薄酥脆脆香酥虾卷400g,0
神宫泡椒牛肉味河粉6桶装非油炸方便面免煮广东炒河粉速食泡面,0
【10袋起购】澄明要得七个番茄一锅汤轻卡番茄百搭汤底50克/袋,0
万鼎【食胖精选】流金注心蛋卷咸蛋黄榴莲香酥零食48支礼盒装,0
千零物语手撕鸭脖氮气锁鲜整根装干鸭脖混合口味多种组合10根装,0
【江西特产】炭烤笋尖 免切即炒 脆嫩鲜爽 炒菜煲汤 300g/袋,0
比比妙   碧根果250g袋装奶油味长寿果美国山核桃,0
【宠粉浮力】花生牛轧糖500g/包 牛奶糖  8090怀旧,0
小马吃草奶片118g / 袋,0
【约100颗/精美礼盒装】诺梵年货松露形巧克力四口味500g礼盒,0
【新店开播】山药粉条无胶无明矾1包,0
【年货囤好货】推荐_【三只松鼠_过吧锅巴60gx1袋】 MS,0
【秀姐严选】好紫味兰州牛肉拉面123g*6桶,0
【喜喜专属】囤货10包装满小饱虎虎生财肥汁米线大礼包 310g,0
【飞燕精选】味滋源年味坚果零食大礼盒12包1290g,0
【特辣】重庆佳仙老火锅底料90g 独立小包装牛油火锅底料,0
文玉香菇鸡汤味米线8桶12桶装冲泡正宗过桥米线,0
【多圈专属】坚果沙琪玛软糯零食410g/箱小吃饱腹零食,0
 澳谷庄园赤霞珠干红葡萄酒187ml*6瓶,0
醉鹅娘 仙鹤湖地甜白葡萄酒750ml山楂花无醇红葡萄汁660ml双支装,0
亲零嘴风干烤脖整根42g/根散装6口味鸡脖非鸭脖子风干卤味小吃 ,0
【利人旗舰】奇亚籽桂花坚果藕粉羹500g/罐开水直接冲泡,0
百香果柠檬无骨鸡爪即食200g/500g藤椒麻辣笋丝脱骨酸辣凤爪,0
小熊驾到新奥尔良鸡翅腌料蜜汁味微辣味香辣味140gWG,0
【翻天娃】9.9元3包翻天娃爆辣魔术丝辣条101g*3包,0
【山知月】桂花坚果藕粉羹500g*2罐,0
19.9元3袋共6包红烧酱汁料包正宗红烧味懒人专属红烧酱汁120克,0
【限购1次】面有引力 红烧牛肉面515g/包 亏米试吃,0
【专享】金鹤生态长粒王东北大米香米10斤真空包邮5kg*1袋,0
【美丽专属】卜珂零点 麦芽脆心球黑巧克力纯可可脂麦丽素520g,0
宜养针叶樱桃乳酸菌饮品100g*24瓶 礼盒装 黄圣依代言 维C多一点,0
金六福酒 中国人福酒 金六福樽藏8 浓香型白酒 50度 500ml*2瓶,0
重庆火锅底料麻辣烫调料牛油串串佐料50g/袋,0
手工麻花小麻花休闲网红食品小零食批发小吃糕点心袋装5克,0
【SH】德芙士力架巧克力花生牛奶夹心120g小兔子铁盒,0
洪湖水乡湖北洪湖原味清水纯糯米粽子白米小粽子10个20个30个50个,0
【圣依专享】诺梵松露形巧克力四口味虎年限定礼盒装500g,0
【旗舰】甘源-一家人年货礼盒坚果炒货1253g   炒货零食小吃送礼,0
【武派】醇香原味热干面1盒装 限1单,0
【宸泽专享】这边果蔬脆250g*3包,0
【广州表哥】喜之郎果冻7袋混合装,0
惠农神星手撕风干鸭脖60g*5根装氮气锁鲜网红休闲小零食开袋即食,0
【明泽大象哥粉丝专享】奇亚籽坚果藕粉 500g,0
徐福记香酥鸡蛋沙琪玛768g营养早餐休闲零食,0
【良宝源】500g*2袋2斤装新疆特产若羌灰枣红枣核小肉厚香甜可口,0
正宗原味手抓饼30片配番茄酱早餐饼家庭装面饼,0
2018年冰岛生茶砖 普洱茶生茶250克,0
【果铺佬】紫皮带衣大腰果仁250g原味坚果零食紫皮,0
【抢跑年货节】丹麦风味、奶香曲奇饼干56g/盒,0
香蕉脆片250g/500g袋装脱水果干蜜饯香蕉干休闲小吃孕妇零食特产,0
【菲菲专属】盛源来韩式部队火锅套餐组合食材2-4人份1154g,0
四川凉山农家1斤装特色 麻辣 腊肠,0
小野轻煮酸汤肥牛懒人调料100g/袋（50g*2）酸辣下饭,0
带皮大腰果仁250g/500g盐焗越南干货原味紫皮坚果干果零食整箱,0
2021年新花生 五香花生米 咸香酥脆 1000g,0
【宠粉】宅猫日记 岩烧芝士脆饼干日式网红薄脆咸甜零食118g*5,0
【华得莱】原味刀削面挂面5斤整箱装油泼面 炒面 拌面 汤面包邮,0
【达人专属】乐多趣0蔗糖纯可可黑巧轻威化100g*5盒+送加量版2条,0
【吃欢天】面呷面兰州牛肉面93g*12桶,0
【舟乐鲜】鱿鱼风琴尾片50克一包,0
53°茅台集团茅韵酱酒 飞天仕女图 商务版礼盒500ml,0
2019珍品冰岛龙珠普洱茶（生茶）1颗,0
九蒸九晒手工制作黑芝麻丸500g包邮,0
小养紫米面包500g,0
【年货】黑糖姜枣桂圆玫瑰花茶150g,0
【好物推荐】趣馋仙桂圆干500g/包A001,0
【粉丝福利】5.94元7包秘制鸭翅鸭翅开袋即食休闲零食卤味20克/包,0
【官方直营】伊利中老年奶粉蓝听900g*2  ,0
【舟乐鲜】现烤鳕鱼片50克一包/家庭版,0
焖百味糖醋酱汁糖醋排骨糖醋鱼糖醋里脊调料200g,0
 双妹【推荐】四川农家烟熏腊肉 香肠 排骨 后腿 500克,0
新疆奶醇奶疙瘩酸奶棒500g/袋,0
 【9.9赠网红杯】碧翠园0蔗糖0脂速溶纯黑咖啡粉10包/盒,0
卜珂零点 速溶松露形黑巧克力碗装精美礼盒装网红零食408g,0
炸小酥肉脆皮炸粉炸鱼炸肉炸鸡翅炸蘑菇炸藕夹100g/袋,0
茶滋味2013年布朗山古树龙珠普洱茶（生茶）1颗,0
【推荐】手剥松子3斤/500g/250g新货巴西松子坚果零食干果零食,0
水果干7口味10包组合黄桃草莓芒果干混合装蜜饯果脯零食232g/箱,0
丽星好嗨呦土豆酸辣粉117g*3盒 甄选优质马铃薯淀粉,0
【20包19.9元】五香味*卤料包！包包都是真材实料！,0
吉祥湾卤料包【10包9.9元】秘制五香卤肉料包卤料大全20包16.9元,0
安合一品爆浆乳酸菌小口袋面包夹心蛋糕280g/箱,0
【主播推荐】诺梵松露虎年款巧克力四口味礼盒装500g,0
【成哥优选】粗粮玉米面条11袋（每袋250克）-BY,0
江中品牌专为儿童研发山楂鸡内金软糖 60g/瓶,0
【新口感蜂蜜红枣味烤核桃】切糕王子-新疆185纸皮核桃200g/箱,0
泰式风味汁380克 泡2斤食材 恒瑜泰式风味汁泡鸡爪调料,0
推荐【百草味】坚果零食礼盒1810g（长辈的压岁钱）,0
【直播.推荐】四川手工红糖糯米糍粑500g/袋 R,0
重庆佳仙老火锅底料50g独立小包装单人份麻辣烫底料懒人火锅底料,0
元气乖乖黑金松露芝麻片孕妇老人小孩营养均衡无蔗糖黑芝麻饼144g,0
开心果新货大颗粒原味无漂白500g250g孕妇办公室坚果干果零食5斤,0
【低脂】荞麦卷饼皮黑全麦菠菜无添加蔗糖粗粮1-3斤（3斤约36张）,0
大片芒果干250g/500g袋装网红孕妇休闲小零食水果干零食果脯蜜饯,0
{马丁}俄罗斯进口混装糖果 500g*2袋（口味随机）,0
「陈会长严选」开封特产麻辣五香孜然藤椒花生78g*4包,0
【七月妈妈】西郭村家乡坠面1/3斤包邮,0
新疆球形爆米花玉米粒1000g,0
为之卤五香秘制卤肉料包150克 15克*10包,0
【19.9元6大包】红烧酱汁料包 正宗红烧味 3袋/6包 ！,0
pxy朴小样韩式炒年糕 韩国风味辣炒年糕条5袋,0
【广州表哥专属】丹麦风味、奶香曲奇饼干56g/盒,0
【文哥专享】小样哪吒自热米饭方便速食6桶,0
东方海盐 精制海盐400g*7袋炒菜煲汤提鲜,0
【刘媛媛生日专享】良品谢礼-甄选聚福礼3889g 年货礼盒 ,0
【灿总推荐】贵州王子酒 酱香 拍两瓶送礼盒,0
【诸葛妍专属】好米畈胚芽米500g  金奖稻种南梗46,0
【主播专享】碧翠园高蛋白豆浆粉0蔗糖/ 1盒10包 ②,0
柳江春柳州螺蛳粉300g/袋  水煮型 柳州特产螺丝粉方便速食酸辣粉,0
阿帆武汉风味热干面10人份独立包装170g（含料包）,0
HXQ韩小欠爆米花玉米粒三合一100g玉米50g油50g糖套装,0
【粉丝专享】奇亚籽坚果藕粉 营养代餐 500g 下单两桶送碗勺,0
虞三胖网红脆皮年糕半成品小吃500g6根装,0
洪崖洞90克牛油火锅底料，小火锅， 麻辣烫、正宗重庆味,0
【小杨哥专享】286g约22包不二先森老铁唠嗑吧葵花瓜子混合口味,0
八品开元绵阳米粉速食袋装四川特产牛肉肥肠方便米粉245克*5,0
奇亚籽坚果藕粉羹 饱腹充饥 营养代餐 500g,0
冰岛春茶玲珑饼8g/饼 （普洱茶  生茶）,0
【乌啦啦专享】泰国if饮料100%椰子水350ml*12瓶,0
千味央厨年年有鱼八宝饭400g/个豆沙内馅 鲤鱼造型寓意美好,0
【纯粮酿造】泸川特贡 06年52度浓香型99元6大瓶 支持开箱验货,0
【新人福利】喜之郎果冻2大袋+8袋CICI蒟蒻果冻爽,0
【经典】良品铺子欢聚坚果礼盒2038g  A,0
【尚巧厨】葡式蛋挞套餐 沪乐蛋挞30/90个 家庭烘焙简单轻松自制,0
【达人专享】小鸡收腹荞麦卷饼 低脂粗粮主食无糖精饼皮早餐1-5斤,0
正宗火鸡面107g*15袋/一箱,0
【华少专享】宁波特产水磨年糕5斤真空包装 软糯Q弹有嚼劲,0
【柚子专享】2021头茬有机糯玉米8支  东北黑土地 一年一季,0
【主播专享】小7婶螺蛳粉180g*6广西柳州特产正宗螺蛳粉,0
厨师兄川味回锅肉、爆炒调料酱120g/袋（一包搞定，独立包装）,0
老爸评测零卡糖赤藓糖醇轻食代糖食品烘焙甜味剂调味料100g/500g,0
【刘媛媛生日专享】美汁源果粒橙果汁饮料300ml*12瓶,0
【主播推荐】网红食品上海葱油拌面风味方便速食正宗拌面6盒整箱,0
明星句号代言 东北风味烧烤料串料撒料 大袋30g装【8包9.9包邮】,0
 米多奇粗粮饼多种混合口味米饼雪饼50包休闲食品,0
德芙丝滑牛奶巧克力手提铁盒装15粒,0
【9.9元40颗】买2份发100颗 爆浆果汁夹心软糖,0
米多奇烤馍丁烤馍片沙琪玛休闲食品小零食980g,0
家乡外婆菜 湖南特产下饭菜 微辣 280g/瓶,0
紫皮糖500g+牛轧糖500g+高粱饴500g 每种1袋共3袋1500克,0
逸轩茗韵炒鸡老酱160g逸轩茗韵炒鸡酱炒鸡店专用家庭装,0
【娘炊烟】盐焗粉 30g*6包 30g*12包 焗鸡焗海鲜必备,0
【推荐】新货琥珀核桃仁250g/500g坚果干果蜂蜜核桃肉零食小吃,0
水王李大海专享牛小溪气泡水360ml*6瓶,0
【来吃点好的】熙贝 蔓越莓干罐装500克袋装250克,0
【洽洽】洽洽瓜子大礼包组合装11包892g-DY,0
【巴味源】重庆牛油火锅底料 香辣麻辣味50g/袋 指定地区包邮,0
（品牌福利）甄酱·大师手酿53度茅台镇酱香白酒100ml（试饮装）,0
老式花生牛轧糖正宗牛奶糖儿时怀旧美食500g,0
黔食锦贵州五香辣椒面250g蘸料干料烧烤罗锅辣椒粉海椒面家调味料,0
【晴子专享】4层芋泥千层蛋糕800g 动物奶油 6寸 芋泥含量500g ,0
【疆果东送】漠上果园新疆干果礼盒套装970g,0
【小燕年货节补贴】花生夹心巧克力涂层能量棒50个！,0
【一粒安优选】辣白菜调料酱 韩式风味辣白菜酱料 腌料泡菜酱400g,0
【惠买专享】意境乌龙茶大红袍50g品鉴装,0
【金】贵州金王子酱香型53度500毫升礼盒装白酒,0
绵阳吃在途中米粉四川特产绵阳米粉老开元牛肉米粉米线5袋装,0
整箱约50个牛奶燕麦酥巧克力酥网红休闲小吃【YO1】,0
【2斤装】天麦无蔗糖沙琪玛1KG/箱鲜香软糯新鲜生产,0
【独立真空】带皮小香薯 无添加农家红薯干 软糯 粗粮 500g/袋,0
吉祥猴爆浆陈皮糖软糖238g桶装酸甜水果夹心独立包装儿童零食批发,0
【10包9.9元包邮】懒人专属十全卤肉料包  十几种香料混合,0
【郝老师专享】豆本豆黑豆奶250ml*20盒,0
三色什锦葡萄干500g*2,0
琥珀核桃仁 蜂蜜核桃仁 罐装500g 熟核桃仁 即食核桃,0
【林家铺子】糖水黄桃罐头200g*3罐,0
乱劈才重庆火锅底料1袋小包装一人份牛油小方块装麻辣四川家用麻,0
源氏大刀肉  260g*1袋/3袋  香辣味面制品辣条,0
【爆品】乐山农家腌腊鹌鹑柴火烟熏10只起拍，500g1袋内含10只,0
Simaill海苔肉松卷儿童零食休闲食品500g 80包,0
农道好物 海盐颗粒花生酱 早餐面包搭档 香浓花生蘸料 200g/瓶,0
鹿角巷奶茶经典3口味混合装80g*5杯起拍【ZHWL】,0
陕西粉丝专属 拍1发8袋 陕西宝鸡岐山擀面皮300g/袋陕西特产凉皮,0
大乌梅干250g/500g袋装酸梅子话梅干开胃孕妇休闲零食果脯水果干,0
【小花妞专属】年糕大叔韩式部队火锅套餐芝士年糕福袋食材1075g,0
四川正宗柏树枝烟熏土猪猪肝250克,0
阿尔卑斯糖牛奶水果硬糖结婚喜糖棒棒糖儿童零食糖果批发年货250g,0
【龙姐推荐】雨子坊黑芝麻丸90g（10颗装）*2罐,0
西牧天山牧语新疆纯牛奶3.6g乳蛋白250ml*12盒学生营养升级（百）,0
芒果干250g*1包袋装水果干果脯散装一箱装蜜饯泰国休闲零食,0
金麦嘉汉堡胚面包胚家庭装早餐汉堡半成品65g/个,0
费列罗巧克力25粒礼盒装生日进口圣诞节礼物送女友零食,0
私房猫 粉蒸肉粉 5包125g 四川特产 粉蒸肉 牛肉排骨调味料家用,0
川香秋月 钵钵鸡调料360g乐山钵钵鸡 火锅麻辣烫底料包串串底料,0
小鱼妹正宗川味土鳝鱼酱260g*4瓶,0
谷食粮城-升级版-奇亚籽坚果藕粉羹 500g/罐,0
兰湘子推荐湖南农家糯米笋免切免泡嫩笋尖300克一包,0
大包分享装 408克  北欧风味焦糖小方饼 儿童成人孕妇零食,0
【达人专享】伊利女士高铁高钙奶粉400g*2袋,0
【粉丝福利】四川特产夹江霉豆腐豆腐乳香辣味120g（一瓶5-8块）,0
【牛肉哥粉丝专享】乔巴高粱酒500ml浓香型42度,0
达利园休闲糕点大满贯组合拍1发4箱3170g,0
象稻长粒香米5KG*1,0
秦妈鱼香肉丝调味料川菜炒菜家用调料包80g,0
【百草味A】坚果零食礼盒 2418g（万事顺遂）,0
雷小厨丹东特产冰点牛奶草莓400g*4罐（包邮）冷冻保存,0
黑面郎千层手工馒头花样面食老面饽饽戗面馍馍3.75斤24元,0
【年货礼盒】每日拾光女神粥 五红粥杂粮粥早餐粥60g*7袋/盒 ,0
新希望蝶泉 全脂甜奶粉680g/300g经典邓川全脂甜奶粉,0
【4大袋99元包邮】内蒙古特产酱牛肉 酱香十足 250g/袋含料包,0
靖江正宗手撕肉脯30包8.9元 靖江猪肉脯特产大礼包,0
东北正宗奥斯托马烤冷面带酱料600g炒冷面片,0
私房猫炸鸡粉 炸鸡裹粉脆皮家用酥肉粉油炸香酥脆鳞粉大包装1kg,0
【赠体重登记表】农道好物 21天自律豆浆 早餐豆浆粉（21包*25g）,0
【小贝专享】食族人爆肚粉豌豆酸辣粉麻酱米线重庆小面组合装8桶,0
『自播专享』渝美滋 30包手撕素肉素牛排小零食,0
混合橡皮糖 水果味软糖果qq弹弹零食散装 250克/450克/700克,0
【刘媛媛生日专享】洽洽香瓜子26g*10袋共260g（每人限购1单）,0
【厂家直销】源氏超值大礼包大刀肉+辣片+素肉+魔芋+辣条1939g,0
【刘媛媛生日专享】特仑苏*12包*3箱+纯甄*16包 最晚1月10日发货,0
贵州大方特产豆干特色小吃豆干60片包邮正宗毕节大方六龙手撕豆腐,0
麦田派正宗绍兴梅干菜特产干货梅菜干干菜浙江特产梅菜1斤/2斤,0
西麦奇亚籽混合谷物燕麦片630g*2+5黑谷物燕麦片540g*2,0
爆款 国产紫皮糖每包200g拍一发三15.9元,0
重庆牛油火锅底料家庭装500g麻辣烫串串重庆四川特产调味料,0
海岛大亨星空系列巧克力杯星空桶巧克力200gsf,0
【尚食菌菇】原产地十菌汤炖鸡炖排骨好喝70g,0
【齐品优选】手工黑芝麻丸/手工制作/九蒸九晒/匠心工艺/108g1盒,0
【弘修堂】锅巴粉丝专属 安徽农家手工糯米腊肉梅菜锅巴 100g,0
推荐_【三只松鼠_坚果大礼包/欢喜款/1320gx2】CB,0
【70包仅9.9】蟹黄味瓜子仁年货节零食批发散装整箱坚果炒货,0
【刘媛媛生日专享】王小卤虎皮凤爪卤香鸡爪子休闲零食200g*3,0
KONTI俄罗斯进口混合糖果多种口味435g,0
【直播福利款】热烈三合一球形爆米花奶油巧克力焦糖味200克,0
【百草味】坚果礼盒虎虎生威2550g*1+集市里的年货1502g*2,0
海天金标生抽750ml+醋1.28L+料酒800ml+蚝油260g共6件,0
【小杨哥专属】六花庭食品肉松乳酪蛋糕420g,0
双汇火腿肠香辣香脆32gX3支,0
MuYing/牧影【小影推荐】牧影牛肉丝125g,0
【热度优选】新年限定款渣渣灰南昌拌粉经典195g*3/6盒装,0
米多奇香米饼米饼50包散装休闲食品小零食,0
【SH】德芙丝滑巧克力年年得福588g礼盒装,0
同碗福韩式微辣炸酱面116g*5包正宗即食水煮面干拌面网红夜宵食品,0
推荐 营养丰富黑南瓜子熟南瓜籽黑金刚南瓜子休闲零食品瓜子500g,0
【39元5大袋】东北纯玉米面条 无添加无麦麸 250g/袋,0
新货蜂蜜琥珀核桃仁罐装500g熟核桃坚果干果仁即食小零食罐装包邮,0
1000克  粮颂手撕面包 早餐晚餐代餐食品 松软可口有营养,0
【主播推荐】厚道小猪半亩葵园瓜子278g约20包混合口味,0
【康之悠品】 夏威夷果奶香味坚果休闲零食大礼包250g500g1000g,0
新货东北松子250/500g手剥开口松籽特大颗粒松子干果孕妇坚果零食,0
千秋 手剥笋 三种口味混搭3包/8包/20包（老汤，泡椒，红椒）,0
徐福记 酥心糖520g(约42颗糖) 老式怀旧落花生酥糖 TZ,0
泓一蛋黄酥雪媚娘糕点心年货小吃休闲追剧零食品面包早餐240g Y5,0
【厂家直销】1箱500g糯米锅巴小马哥锅巴蟹黄味海鲜味土灶锅巴,0
蜀中桃子姐卤味调料300克装五香味麻辣味卤料,0
【买一送一】比比赞蜂巢华夫饼300g送300g,0
【宸泽专享】园津每日坚果600g*2,0
大别山红薯粉丝、火锅粉丝250g顺丰包邮,0
鹊牌 三合一爆米花球形焦糖味奶香味100g玉米50g糖 50克油 ,0
法国茉莉花贝尔热拉克干红葡萄酒750ml,0
【天宫院小吃专享】一线牵先卤后烤鸭翅180g*1袋 黑鸭口味,0
【不好吃包退】安徽河南特产西瓜酱豆地道老家味道300克*2 送试吃,0
良厨发酵型火锅底料独立小包装50g一人食小火锅炒菜调料,0
【10包9.9元包邮】懒人专属十全卤肉料包 十几种秘制香料混合,0
【新号开播浮力】0脂低钠代餐轻食控糖黑全麦粗粮荞麦面200g,0
乐事薯片12g*30包,0
火郎重庆牛油老火锅底料50g/袋小块装一人份家用麻辣小火锅底料,0
新竹米粉玉米制作细米粉干炒粉广东炒米粉江西3斤/5斤,0
雅弥优格嚼绊酸奶【145g酸奶+15g谷物】/杯*6杯多口味组合整箱装,0
福临门压榨一级葵花籽油3.68L*2桶 赠小黑葵400ml*4瓶,0
【果辰】开口黑金刚南瓜子熟黑南瓜籽炒货零食特产250g500g1000g,0
LUBOV原装进口琉鲍菲三合一二合一咖啡速溶巴西口味50小包装,0
ZWIK进口牛奶巧克力勺礼盒 6勺/盒 土耳其进口纯可可脂,0
【秀姐专享】奇亚籽坚果藕粉羹500g*2罐,0
蜀中桃子姐麻辣萝卜干500克装腌菜,0
正宗老上海风味葱油饼家庭装20片90g葱香味手抓饼煎饼早餐面饼,0
硃碌科 2021年东北有机红谷黄小米粥5斤特产五谷杂粮食用米粗粮,0
美香居金酸汤调味酱200g/袋金汤肥牛金汤鱼金汤米线火锅底料,0
晨妞妞奇亚籽藕粉500g奇亚籽坚果藕粉营养早餐纯颗粒藕粉羹,0
盐津铺子210g休闲零食辣卤礼包（20小包 有肉有蛋）        YJPZ,0
【爆款产品】【16袋】味哒哒麻酱面皮110g*8袋+红油面皮103g*8袋,0
小鸡收腹荞麦卷饼 低脂粗粮主食无糖精饼皮早餐1-5斤（5斤约60张,0
【年终大促】55g独立装重庆麻辣三鲜牛油鸳鸯火锅底料单人份,0
贵州大方六龙手撕豆干100片包邮,0
【花生大掌柜】原味炒熟红皮花生带壳1000克,0
螺状元柳州螺蛳粉特产美食广西螺丝粉310g*5袋,0
【TG】螺之源柳州螺蛳粉310克*8包送1包元元会高配版螺蛳粉,0
三公仔风干手撕整根长鸭脖65g，够长才够味，香辣味,0
牛螺哥正宗柳州螺蛳粉水煮型300g*5袋*1箱柳州螺蛳粉方便电煮锅,0
【意小萨】煎饼粉 85g/袋 咸味/甜味装 厨房小白 秒变面点大师,0
麻辣香锅调味料火锅底料酱香辣干锅油焖小龙虾香辣蟹调料80克,0
【49元10袋】高新庄正宗铁棍山药粉条传统工艺鲜香爽口 250克每包,0
让茶无糖柠檬红茶白桃青柠果味茶饮料450ml*6瓶装/箱,0
【大窑旗舰店】大窑嘉宾橙诺汽水童年怀旧饮料500ml*8罐装 ,0
四川小凉山特色1斤装川味腊排骨,0
【爆款】酱板鸭【2袋装】320g/袋  湖南特产即食 晏老板的麻辣,0
马牙瓜子（牙签瓜子）500克原味干炒,0
在信牛肉粒网红休闲零食50g*4包,0
利人奇亚籽坚果代餐藕粉羹500克/罐 ,0
大颗粒开心果500克装/250克装开心果,0
【拍两份发80包】欢盼豆乳威化饼干30包,0
【甘源官方】甘源无壳蜂蜜核桃腰果豆果买坚果礼盒送豆果礼盒20包,0
香蕉片新货500g250g香蕉干休闲办公室小吃香蕉脆片孕妇办公室零食,0
四川凉山特色纯手工1斤装腊肉,0
10袋起拍 重庆锅主老火锅底料50g独立小包装单人份麻辣烫底料,0
特大颗粒原色无漂白袋装开心果250g*1休闲零食干果坚果年货特产,0
【刘媛媛生日专享】正大精选炸鸡吃过瘾量贩10袋装lyy,0
【YO1】叻滋滋辣肉牛肉味香辣零食大礼包年货60包,0
诺梵松露巧克力虎年聚财四口味500g礼盒装tz-1,0
【秀姐严选】甄选纯红薯粉 豫道食品 黑金版酸辣粉 135g*6桶装 ,0
傻二哥牛蹄筋酱卤肉制品12g*20/30包香辣烧烤椒麻味追剧零食,0
夏威夷果新货大颗粒奶油味净重500g250g孕妇办公室坚果零食5斤,0
【主播专属】九日韩国进口果肉果汁饮料多口味到手10罐,0
【刘媛媛专属】百事可乐无糖迷你罐迪士尼特别款200ml*10罐,0
大拓喷射调制稀奶油400g新西兰即食免打动物奶油保质期到22年4月,0
【9.9元30包素肉】乡乡嘴手撕素肉素牛排辣味零食小吃,0
【高小健专属】良品铺子良品谢礼-欢聚坚果礼2038g,0
康新牧场草原酱牛肉150g*5袋【内蒙古直发】,0
【百草味Z】坚果零食礼盒1810g（长辈的压岁钱）*2箱,0
十根起拍-烤肠原味黑椒肉肠脆地道肠脆皮香肠台湾风味热狗肠40g,0
【年货礼盒】深港年货礼盒黄油丹麦式风味曲奇饼干礼盒908克,0
【4箱59元/6箱79元】铁棍山药黑芝麻核桃桃酥 酥香不腻 500g/箱,0
【【巧师傅福利专享】】星芙冰淇淋蛋卷300g整箱,0
【小影夫妇专享】迈拿慕 清莱府 原装进口 泰国茉莉香米 真空10斤,0
哈西家甄味尚酸辣无骨鸡爪罐装500g*2罐,0
【真果集】爆浆玉米软糖408g袋 软糯不沾牙 喜糖零食 厂家直销,0
叮叮懒人菜 湘西外婆菜158g*3包 免洗免切,0
卫龙亲嘴烧辣条批发麻辣零食大小面筋混搭口味30片/100片,0
2019年冰岛普洱茶生茶玲珑饼7克 ,0
【现做现发】穗咪原味紫薯巧克力味无蔗糖麻薯球 30g/个,0
江中专为儿童研发-山楂鸡内金软糖 60g/瓶,0
【苛选推荐】拍1发3罐再送碗勺 雨子坊国风款桂花坚果藕粉500g/罐,0
【哈中联】正宗哈尔滨红肠单根真空包装85g/根*10,0
【主播专属】【9.9元10包混合口味】好吃岛山药片五种口味,0
【刘媛媛生日专享】良品铺子良品谢礼-欢聚坚果礼2038g,0
手打坚果丸子多种果仁独立包装整箱60包【YO5B】,0
【小婷专属】阿尔卑斯巧禾棒果仁巧克力味夹心米果零食小吃250g,0
Oishi 上好佳膨化零食组合装6g-7g混装共50包,0
熙贝 东北松子大颗粒罐装500克/250克袋装2.5kg,0
HN  澳谷粒  熔岩金字塔巧克力 4盒40包,0
豫道重庆小面 135g*6桶装 正宗重庆小面地道非油炸方便,0
秋水良田五常香米10斤真空包装1kg*5产地直发,0
【去吃吃零食仓专属】花生夹心巧克力拉丝能量棒嚼劲十足【80条】,0
【肆只猫咖啡】云南小粒咖啡6罐装  免费试喝3杯不满意无理由退货,0
【小贝专享】新疆炒米粉370g*3微辣中辣爆辣*3,0
老街口 奶油五香红枣多味混合口味瓜子组合500gx3袋坚果炒货零食,0
四川小凉山特色500克手工糍粑,0
新货东北松子250g/500g散装大颗粒松籽手剥开口松子坚果零食年货,0
【郝劭文专享】恒寿堂蜜炼百香果茶500g*2瓶,0
饭匹兄弟湖南农家自制香辣彩椒酱香辣下饭拌饭拌面2瓶装 268克/瓶,0
【宠粉专属】奇亚籽坚果藕粉 营养代餐500g/罐 ,0
宏源白桃果汁硬糖500g水蜜桃味结婚喜糖批发网红糖果零食,0
【仟味】口水鸡调味料50g 做凉拌凉面海鲜方便好吃懒人餐,0
【福利】热烈爆米花三合一球形奶油味焦糖味巧克力味200g,0
羊肚菌20g-50g云南特产干货包邮,0
酱板鸭湖南特产正宗辣味手撕酱板鸭零食小吃350g,0
【刘媛媛生日专享】爆款国产紫皮糖200g*4包夹心巧克力糖果年货XS,0
喵游记现烤安康鱼片80克健康海味零食舟山特产,0
橡皮糖900克混装30~40种或自选1~10种数字,0
【小贝专享】流汁大宽粉麻酱268g/红油271g 一箱6包 送一包,0
【金其好物专属】松鼠驿站颗粒坚果藕粉羹500g/罐,0
蜂蜜冻干柠檬片聚广德 柠檬片  75克/盒（AS1）,0
【爆品】聪厨湘西外婆菜250g*2包大份量实惠装免洗免切下饭菜,0
【美丽推荐】妙可蓝多奶酪棒380g*3+100g*2+40g*1+2盒奶酪杯,0
【巧师傅福利专享】星芙海盐芝士米果308g整箱休闲办公食品,0
【刘媛媛生日专享】徐福记新年定制礼盒500g 酥心糖牛轧糖沙琪玛,0
【单包折算下来仅需0.14】蟹黄味瓜子仁葵花籽休闲零食超多120包,0
【SH】德芙丝滑牛奶巧克力4.5g红色小礼盒16粒,0
小熊驾到 黄面包糠优质针型250g 客好专属,0
网红零食蔓越莓坚果雪花酥牛轧糖沙琪玛零食小吃休闲食品爆款美食,0
【直播间专享】老海公黄鱼酥  鲜香酥脆 口留余香250g/zb,0
【小燕年货节补贴】杂粮晴夹心米果棒匠心果子米酥多口味零食80根,0
《9.9元发20包》全麦薏米糕代餐糕点《拍两件发50包》,0
【小贝专享】牛武生武汉热干面包邮煮食细条干拌面168g/袋,0
QY 鱿鱼爱上虾条+鱿鱼酥 30g*8袋,0
【小杨哥专属】无为特产李老奶奶五香花生米60g+105g 组合共990g,0
【福虎迎春/约100颗】诺梵松露巧克力四口味500g礼盒装k01,0
【9.9元发20包】蔓越莓雪花酥【拍2份发50包】,0
【宛禾米线】麻酱米线（冲泡型） 河南南阳细米线 速食6桶,0
【秀姐专属】豫道食品酸辣粉 135g*6桶装 纯红薯粉方便速食6包料,0
珍选红烧料红烧肉猪蹄排骨大棒骨红烧鸡鸭鱼牛羊肉红烧酱汁120g,0
白灼汁150ml 白灼西兰花金针菇大虾蘸汁酱油捞拌汁凉拌菜,0
【200颗仅29.8元】开车上课必备！甄选香醇咖啡颗颗浓郁 超划算！,0
 纯香腰果仁粒粒佳原味大颗粒100克,0
晨爽牌广东肠粉家庭套装（粉500克+工具）3个不同套餐可选,0
500g250g芒果干袋装包邮水果干果脯散装蜜饯泰国休闲零食,0
韩世功夫 奶盖沙琪玛（水果，棉云，杏仁）320g*3,0
【限购1件】RIO/锐澳预调鸡尾酒小美好&HEYPOP二联罐褐乳喵喵盒,0
【现货速发】质凡干脆面干吃面零食方便面干脆面泡面30-100包,0
【老爹年货节宠粉 实发8包】岐山天缘醋粉270g*6袋 速食粗粮小吃,0
【源头直销】罗小乖柳州螺蛳粉1包/2包/3包/5包/8包 ,0
 【年货节推荐】一枝笔莱阳梨汁饮料245ml*10罐果汁,0
乳酸菌小口袋面包30包休闲零食小吃宿舍蛋糕早餐网红零食,0
丹心可鉴乡愁沈丹2021年新茶桂花红茶2盒共100g,0
惠农神星手撕风干鸭脖子60g/根 氮气锁鲜网红休闲小零食开袋即食,0
舌里奇亚籽全麦吐司面包1000g 整箱粗粮早餐无蔗糖【主播专享】,0
【粉丝福利】香酥无核脆枣40小包 嘎嘣脆新疆灰枣红枣,0
【小洁年货节专享】良品铺子良品谢礼-欢聚坚果礼2038g,0
大者乳酸菌饮品小白盒250ml*6盒,0
【5罐仅69元】(带芝麻)正宗琥珀核桃仁 新货 酥脆香甜,0
TEENIE THE SWEETIE/恬小主八个家庭装 全麦肉松餐包 50g/个 ,0
【刘媛媛生日专享】康师傅冰红茶年轻活力冰力十足 330ml*6瓶,0
俄罗斯进口KDV什锦系列混合糖果500g*2袋-ty,0
【肥财专属】螺之源310克8包送1包元元会高配螺蛳粉,0
【龙姐专享】经典28℃松露型速溶巧克力80g*3盒,0
福建广东台湾特色美食炒米粉专用细粉拌粉粉丝3斤5斤,0
【SH】德芙脆香米牛奶夹心巧克力192g,0
【董新尧粉丝专享】T-丹麦风味奶香曲奇56g/盒,0
【天宫院专属】度那蒜香酸甜辣/泡椒酸辣无骨鸡爪1000克B,0
菊花枸杞茶【缘来花开】决明子金银花组合 透明独立包装150g/盒,0
【悦妈专享】中原雪纯果蔬饺子粉2250g,0
滇茶-冰岛龙珠生茶8克,0
【A】银坑村夏威夷果袋装250克/500克,0
【帝师专享】2021年新米南粳46大米2.5kg糯香可口粳米农垦米业,0
【元旦狂欢】意大利进口费列罗巧克力水晶礼盒装T30粒装 ,0
手工红薯粉火锅川粉200g*5袋-dr,0
（志哥粉丝专享)两罐送玻璃碗+大金勺奇亚籽藕粉500g,0
【直播D】王小卤虎皮凤爪卤味囤货装200g*6赠鱼皮35g牛肉豆腩120g,0
吉士丁高钙大奶酪棒儿童成长营养零食14支装,0
200颗2斤爆浆果汁软糖水果夹心糖果休闲零食果味流心水果糖,0
新货坚果碧根果250g/500g袋装奶油味整箱长寿干果炒货孕妇零食,0
粉丝专享 2021年新茶 金丝皇菊 ,0
新边界新疆熟鹰嘴豆500g罐装,0
【限购1件】RIO/锐澳预调鸡尾酒小美好&HEYPOP二联罐番石榴喵喵盒,0
【小杨哥专属】美味螺螺蛳粉黄袋310克*12包装,0
【新粉浮力】传统纯手工麦芽芝麻糖空心芝麻糖麻杆灶糖500克包邮,0
问茶师 2015年福鼎白茶贡眉小金罐 25g,0
 【回味一梦】风干手撕鸭脖53g*3/6/9/15根 氮气保鲜网红小吃零食,0
【陈三废专享】李子柒螺蛳粉广西特产柳州螺蛳粉335g,0
凯凯觉得超赞的 江淮平原糯米锅巴 香脆可口 260克,0
浙梅500g/袋 加州大西梅网红袋装单颗粒,0
 【福利优选】日式蔓越莓奶香雪花酥112g/包（拍1发3）,0
【工厂直发】2021年特大碳烤熟腰果250克400克,0
推荐【百草味】坚果零食礼盒 2418g（万事顺遂）,0
【刘媛媛生日专享】汇源100%臻贵礼盒1L*5盒【口味随机】赠气泡水,0
【安琪自营】百钻无铝害迷你小油条500g*2 约50根早餐速冻半成品 ,0
[北京顺丰]【2箱】蒙牛低脂高钙牛奶利乐包250ml×16盒,0
【坚果丸子20粒】瓜子仁酥南瓜子酥糖休闲零食糖果年货,0
盛耳 冻干银耳羹10包/袋红枣桂圆莲子百合雪梨枸杞银耳羹冲泡即食,0
【品牌大促】中闽飘香冻干柠檬片75g/盒蜂蜜泡茶干片送梅森杯,0
ChaCheer/洽洽香瓜子26g*10包【活动专属】,0
【乐哥专属】荣业广东风味广式腊肠吉祥腊肠250g/包,0
【山知月】 桂花坚果藕粉羹500g*2罐,0
波比跳0脂肪油醋汁240g水煮蔬菜酱料女神汁,0
HN东方烧芝士岩烧乳酪吐司面包450g整箱早餐食品三明治零食网红,0
LING GUANG/灵光西餐厅灵光巧克力棒120根网红休闲零食220g/箱,0
南瓜子仁250g/500g袋装原味熟南瓜籽炒货散装大颗粒零食现炒新货,0
统一小当家干脆面整箱多口味混装干吃面方便面掌心脆点心面20g,0
【辉记麦田】黑钻吐司 470g,0
展艺大号葡式蛋挞皮51个 家庭烘培 【展艺自播宠粉】,0
【来吃点好的】巴西松子手剥松子500克250克2.5kg,0
周黑鸭鸭脖180g*2锁骨190g鸭掌140g 赠鸭翅160g到手五盒,0
 「陈会长严选」河南特产仲景香菇酱16g*12袋,0
【新人福利】7+10小青柑一颗  （12颗起售）,0
【A】银坑村 东北松子袋装250克/500克,0
【翻天娃】爆辣辣条组合371g通心棒魔术丝小辣片小辣棒网红麻辣,0
湘集1号湖南农家辣椒酱中辣手工制作香辣开胃双色彩椒酱268g/瓶,0
【超值2箱装】诺贝达 手撕面包羊奶卷（蛋奶味）整箱410克*2,0
【农村小媳妇专属】沂蒙山农家手工红薯粉条净重5斤包邮  不含胶,0
星球杯桶装1026g巧克力杯夹心饼干儿童零食,0
珏森惠农【菌菇鲜120g/瓶】 代替鸡精味精  0添加 炒菜煲汤提鲜,0
【尚恰】夏威夷果500g250g奶油味坚果干果夏果5斤孕妇零食组合,0
lj中闽飘香冻干蜂蜜柠檬片赠送梅森1个蜂蜜柠檬片75g/盒,0
【拍1发3，再送玻璃杯勺】恋上谷奇亚籽坚果藕粉羹500克3罐,0
【微辣】重庆佳仙老火锅底料50g独立小包装牛油麻辣懒人火锅底料,0
喜拱门河南烩面4连包实惠装143*4袋【老家味道】,0
[现做现发]冬有世家多口味散装月饼五仁5块装,0
【刘媛媛生日专享】李子柒螺蛳粉广西特产柳州螺蛳粉335g,0
爆米花三合一球形 焦糖+奶香+巧克力味（玉米100g糖50g 奶香油50g,0
【JT专享】有零有食冻干榴莲58g健康休闲零食水果干冻干榴莲脆,0
【老卢心选】每好疆来新疆特产奶油味香脆烤核桃218g*1箱,0
十根起拍-烤肠地道肠原味黑椒肉肠脆皮香肠台湾风味热狗肠40g,0
【爆款】聪厨湘西外婆菜250g大份量百搭下饭菜免洗免切,0
【炮炮唐专属】宜养针叶樱桃乳酸菌饮品100g*24瓶 黄圣依代言,0
【达人专享】【3箱】 伊利 金典纯牛奶 250ml*12盒,0
康新牧场草原酱牛肉150g*5袋 五香味,0
姚厂长严选正宗武汉热干面153克带调料武汉特产面食,0
鱿鱼仔带籽鱿鱼开袋即食海味小零食独立包装海鲜熟食小吃食品500g,0
【9.9元10包拍两份19.8发22包】好吃岛山药脆片薄片36g 5种口味！,0
【直播限定】锋味派意大利面番茄肉酱黑椒牛肉咖喱鸡意面  6盒装,0
炸小酥肉专用粉105g家商两用香酥炸肉条 裹粉 脆皮浆粉炸肉炸鱼,0
【宠粉专享】汁己AD钙乳酸菌饮品100ml*12瓶  营养AD钙 酸酸甜甜,0
【董新尧专属】椰可Yeco纤零苏打气泡水0糖0卡网红汽水 350ml*6瓶,0
【切糕王子】 新疆特产酥脆灰枣220g*箱/11袋 无核酥脆灰枣,0
喜之郎混合味90g*8袋48个休闲儿童零食果味果冻YJ,0
特级原色开心果1斤装,0
福临门 葵花籽油+玉米油节日礼盒装3.09L*2+小黑葵葵花仁油3L,0
【直播间专享】食分辣原味螺蛳粉柳州正宗300g装*8包,0
【小杨哥专属】玉米/三鲜/白菜水饺300*7＋煎饺*1虾皇*1汤圆*1,0
柚馋青柠咸香芋头片椒盐香芋片非油炸酥脆零食100克*3袋脆片,0
可比克薯片32g*5包发3-5个口味,0
东北黄金米（玉米粗粮细作）非大米 玉米再造米5斤【精选联盟】,0
达利园休闲组合大礼包1298g,0
珍豪麦【夹心米果卷】特价160包厂家直发10包40包,0
【生鲜】大别山糍粑、过年糍粑500g顺丰包邮 拍4发5,0
【龙姐专享】黑糖姜枣桂圆玫瑰花茶150g,0
韩式辣白菜1000克*1袋,0
重庆齐齐牛油火锅底料小包装一人份50g/袋,0
Siyida Food/思意达爆浆陈皮糖软糖210g/袋夹心果酱酸甜软糖零食,0
【2个装】网红千层生日水果千层新鲜制作6英寸900g组合装,0
【馋嘴阿土伯】雪媚娘蛋黄酥1箱20枚【22.9发40枚】早餐点心小吃,0
【老沧口】拿破仑蛋糕135g /*3盒,0
巧之恋菲利欧金球巧克力金沙四层夹心巧克力（23克*20条）,0
【爆款】食尚螺正宗柳州螺蛳粉（原味，实体店味道）320g/袋,0
芳妹儿黑麦全麦面包粗粮代餐低脱脂整箱1000克,0
韵达郑州发货 中源果农 新疆炒熟草本味核桃/原味纸皮  3斤精品装,0
【升级版】食尚螺正宗螺蛳粉！加浓加辣加臭/螺肉新年贺岁装340g,0
【1罐仅29包邮】山东农家自制腊八蒜 米醋泡绿蒜 腊八蒜 430g*1罐,0
推荐_【三只松鼠_坚果大礼包/欢乐款/1838g*2】MJ,0
【福利专属】伊利学生营养奶粉400g*1袋,0
【周洲专属】金鹤生态长粒王东北大米香米10斤真空包邮5kg*1袋,0
【柚子福利专享】星芙海盐芝士米果308g,0
【限量15万单】君乐宝低脂高钙成人遇见奶牛奶粉700g罐装加梦幻盖,0
老街口 焦糖山核桃火锅网红瓜子2324g葵花籽炒货厂家批发好吃零食,0
【8包装】330g萱宝家柳州螺蛳粉袋装速食广西螺丝粉特产粉丝米线,0
【热度星选】雪糕奶棒糖50支16.9儿童网红奶片【YO1】,0
【真空独立装】倒蒸地瓜干番薯干解馋软糯零食解馋不添加糖258g,0
 【尚巧厨】芝士碎条 欧澜 马苏里拉奶酪碎100g（2-10包）,0
【dd】大颗粒开心果500克装/250克装开心果,0
【热卖推荐】耶米熊麻薯小Q包120g包装 麻薯球面包团子,0
滇茶-A红茶宝塔3-5g,0
无添加高钙每日拌饭海苔碎132g*1/2袋（含12包）,0
香蕉片250g/500g袋装水果干脆片芭蕉干酥香特产孕妇儿童休闲零食,0
【拍两份发22包132根】榴莲蛋卷9包54根拍两份发132根,0
推荐_【三只松鼠_坚果大礼包/欢喜款/1320gx2】C4,0
【10包辣条】乡乡嘴懂辣派网红辣条组合独立包装,0
比利时风味焦糖饼干320g/整箱/22包/共44片,0
【刘媛媛生日专享】橘子果汁软糖400g*2包年货糖果送礼喜糖批发XS,0
舒赞手工吐司三明治切片面包早餐手撕面包666g/7大包/箱现做现发,0
【周黑鸭】周黑鸭锁鲜鸭脖180g*2锁骨190g翅160g武汉特产 s,0
【C魅严选】经典28℃松露巧克力80g/盒（拍一发三）,0
【钻爸专享】金燕耳 高山生态优质银耳70g干品孕妇老人都能吃,0
【20包19.9元】荤素两用卤炖料包！包包都是真材实料！拒绝粉末！,0
【酒仙推荐】11°孔乙己手酿陈酿特型半干黄酒500ml,0
【新品】批发 带皮腰果   袋装净重250g500g1000g,0
【怡宝补贴价】怡宝纯净水1.555L*12瓶/箱 郊游家庭饮用水newZB2,0
【刘媛媛生日专享】五谷磨房 自然锦礼活力焕发黑营养礼盒1200g,0
360g*5连包美达家大羊螺蛳粉水煮型,0
芝麻球预拌粉100g*2袋起 家用自制油炸空心大个麻团麻圆商用,0
【秀姐推荐】阿帆武汉风味热干面5人份独立包装170g（含料包）,0
手打坚果丸子瓜子酥多种果仁小包装香酥脆整箱60包,0
百食香剁椒王酱 辣椒酱香特辣下饭菜蒜蓉辣酱 128g/袋,0
【10包9.9元包邮】懒人专属十全卤肉料包  十几种香料混合 包邮！,0
湖南特产柴火烟熏腊肉2-10斤,0
【买2斤送1斤】四川豆豉1斤 原味麻辣特辣 三种口味 香辣下饭豆鼓,0
zb5【原产地直发】正宗新疆枣仁派 好吃有营养 252g/袋,0
新货每日坚果袋装250g干果混合坚果仁儿童孕妇健康零食无添加,0
【广州表哥】贵州贵宾酒酱香型53度500mL*2坛白酒 8,0
淘食尚麦丽素巧克力豆222g,0
XD【鲜达果园】泰国金枕冻榴莲果肉2斤（带核2斤）,0
胡椒猪肚鸡600g*3  叮叮懒人菜 冷冻半成品 免洗免切免调味,0
乡吧佬风味五香微辣卤鸭翅即食网红小吃办公室深夜休闲食品15g,0
 C华夏百分变态超辣鬼椒面6桶装,0
【年货必备】夏威夷果奶油味坚果零食散装干果袋装500g大颗粒,0
【索当】黑芝麻青稞丸126g/盒*2盒,0
【刘媛媛生日专享】非遗糖果组合300g*3袋大虾酥牛轧糖北京酥糖,0
恋上谷奇亚籽坚果藕粉羹500克1罐,0
【 经典五盒装】空刻意面口味自选5盒装,0
【虎年限定/约100颗】诺梵松露巧克力四口味500g礼盒装d,0
【鲜客侠】五香味13天红壳熟制 钢化蛋10枚/20枚/30枚/40枚,0
美丽家：高粱饴软糖 童年记忆 拉丝多口味饴糖 500g/包（包邮）,0
【59元6大袋】内蒙特产奶疙瘩，奶香十足，回味无穷,0
[北京顺丰]【预售最晚9号发货】纯甄草莓/蓝莓果粒酸奶200g*10包,0
【良品TOP款】良品谢礼-乐享坚果礼2063g,0
上赏墨西哥鸡肉卷奥尔良风味香辣玉米味鸡肉卷140g/个/袋方便早餐,0
辣味零食香辣酱板迷你小鸭爪休闲即食卤味小吃50g*2包,0
【工厂直发】JM网红变态超辣魔鬼椒面6桶装,0
【解压零食铺2zz】德芙丝滑牛奶巧克力手提铁盒装约15粒,0
东北松子开口红松大颗粒500g250g袋装孕妇办公室坚果干果零食5斤,0
红豆薏米仁软糖果湿气重脂肥高颜值健康期网红零食100g-500g,0
【爆款推荐】满小饱香港肥汁米线3袋装 9级酸辣 310g/包,0
【粉丝回馈】可可蜜球 早餐谷物 非油炸0脂肪380g/袋,0
【粉丝专享】荣业广式腊肠吉祥腊肠250g广东风味腊肠香肠,0
【小贝专享】王小卤虎皮凤爪200g*5+牛肉豆腩120g*1,0
【推荐】良品铺子乐享坚果礼盒1853g A,0
巴西松子袋装500g250g新货特产手剥松子坚果干果办公室零食5斤,0
白水杜康名酿寅虎年纪念酒500ml*2礼盒装（蓝色）,0
【刘媛媛生日专享】盐津铺子年货礼盒 90包共11种辣卤零食大礼包,0
巴旦木新货扁桃仁奶油巴坦木杏仁500g250g孕妇办公室坚果零食5斤,0
【朱小胖】新疆185纸皮烤核桃500g手剥薄皮原味核桃特产,0
【机器猫】奶盖沙琪玛奶香浓郁好吃不甜腻代餐休闲零食380克/盒,0
玉米浆包一份五包每包120g,0
焦糖饼干320g/22包/共44片 比利时风味焦糖饼干休闲零食独立包装,0
【阿祥推荐】 开心果原色无漂白200g/500g坚果干货炒货干果原色,0
W693 软皮白面包 酸奶风味 18个 40g/个   KRSP003 ,0
【下单送冰川咖啡杯】哥本优选 白芸豆黑咖啡2g*10支/盒,0
【刘媛媛生日专享】味品堂新鲜“0”黄桃312g*8罐,0
【推荐】红糖麻花一箱500g,0
新货开心果250g/500g干果原味无漂白坚果网红休闲小吃零食原色,0
吃嘛嘛香零食大礼包麻辣休闲食品卤味肉类年货整箱鸭脖鸭货600克,0
舌鲜坊鱼丸调料粉100g/袋（内含2包）鱼丸粉鱼丸汤炸鱼丸调料粉,0
「陈会长严选」川味香五仁瓶装油泼辣子420g,0
【7口味混合】松露巧克力椰蓉布丁提拉米苏奶油味夹心糖果500g,0
【10桶装】质凡正宗日式豚骨拉面海鲜乌冬面泡面桶装方便面整箱,0
【刘媛媛生日专享】姐馋粗粮玉米酥整箱60袋零食烘焙糕点独立包装,0
【9.9元发13袋】粗粮代餐黑麦全麦吐司【拍两份发30袋】,0
【蛋总推荐】贵州王子酒 酱香型53度 500ml*1 礼盒装,0
【良品铺子】良品谢礼-甄选聚福礼3889g年货礼盒 ,0
【回馈粉丝福利】焦糖饼干/一箱22包44片比利时风味休闲零食,0
【九岭夼】粘豆包粗粮低脂无糖精包邮100g/个黏豆包儿独立包装,0
银坑村 碧根果 奶香口味大粒袋装250克/500克2.5kg,0
【主播宠粉专享】速溶型奇亚籽坚果藕粉羹500g,0
【鸿姐粉丝专属】奇亚籽坚果藕粉500g/罐,0
牛小苗手工坚果炒货传统休闲零食小吃农家薄皮熟花生米500g*1袋,0
焖百味红烧料120g/袋红烧肉大棒骨红烧排骨调味酱料家用简餐饭,0
【达人专享】一枝笔山里红果汁245ml*10罐/整箱酸甜开胃,0
【2022首发】良品迎新年-甄选聚福礼3889g,0
【缘来花开】菊花枸杞茶决明子金银花组合120g/盒 ,0
【大富贵百货店】丹麦风味、奶香曲奇饼干56g/盒,0
牛奶➕蔓越莓  400g*2,0
开口嗨焖饭酱汁160g/袋懒人焖饭酱料家用闷饭拌饭酱(每袋2小包),0
9.9米包邮浪小贱每日坚果20g 拍一发十,0
【高小健专属】松鼠驿站颗粒坚果藕粉羹500g/罐开水直接冲泡,0
【川哥专享】金沙古酱窖龄10年 53度酱香型白酒 500ml 单瓶装,0
流云小哥酸辣无骨鸡爪500克-1000克,0
【钜惠】良品铺子乐享坚果礼盒2063g ,0
【启航精选】螺之源柳州螺蛳粉310克8包送1个螺蛳勺,0
【翁粉专享 买2斤送1斤】四川原味麻辣特辣豆豉500g下饭豆豉酱料,0
Light So益生菌胶原蛋白果冻90g/盒 两盒,0
【粉丝专享】臻邦原切牛肉粒休闲零食即食熟食小吃20g 7包,0
【郝劭文专享】蔡林记创始品牌武汉热干面5袋 ,0
【宛禾米线专享】升级麻酱米线（水煮型）南阳特色细米线243g/袋,0
【21年10月新米】柬埔寨茉莉香米10斤原粮进口优质精选长粒香米,0
【小燕年货节补贴】坚果丸子60个左右！,0
【阿祖婆专属】毛毛先森网红三角奶酪面包即食点心110g/个,0
【刘媛媛生日专享】特仑苏纯牛奶250ml*12包*3箱+纯甄酸奶*16包,0
【拍一发六】丹麦风味奶香曲奇饼干56g/盒,0
推荐_【三只松鼠_坚果大礼包/欢悦款/2831g】-WY,0
【到手2袋】皇家小虎小胖子油条 无铝害早餐面食  500g/袋-油条,0
【媛媛生日专享】预售1月10日发货小牛有约原制奶酪棒100g*10袋,0
【49元10包】正宗高新庄铁棍山药粉条,0
a回头客黑豪夹馅吐司400g零食点心美味营养糕点,0
【柒哥严选】沂蒙公社山楂甜甜圈22g*20支+小熊果粒糕18g*20支,0
蜀中桃子姐卤味调料300克装五香味香辣味家庭卤料包,0
爆浆果汁软糖水果高颜值夹心少女糖果零食结婚宴喜糖【200颗2斤】,0
【总裁推荐】5大箱精选面包加饼干美味超乎你想象1800g,0
【总裁推荐】四款精选面包饼干中欧结合1450g,0
网红零食推荐台湾风味米饼（海苔味）【咸蛋黄味】拍两件发50包,0
【宸泽专享】元气满满纯坚果礼盒1646g,0
【不加糖倒蒸干家庭装】农家自制倒蒸红薯干地瓜干150g-1000g,0
（拉飞哥推荐）西班牙安徒生小天鹅干红葡萄酒750ml,0
【浩麦】开心果3斤/500g/250g原色无漂白炒货新货坚果干果零食,0
肖叔叔螺蛳粉柳州正宗螺狮粉广西特产螺丝粉330g*3袋方便速食米线,0
源氏大辣片 甜辣 68克/包 老式辣片豆制品网红辣条,0
宠粉福利-牛油火锅底料小包装50g,0
【粉丝专享】乐能仕海南特种兵 生榨椰子汁 310ml*6瓶,0
川秀高活性干酵母粉馒头包子面包花卷耐高糖多用型5g/袋,0
低卡博士慢碳水荞麦方便面低钠非油炸粗粮面每袋60克共10袋,0
【圣福记】 高粱饴软糖 拉丝水果糖 500g/袋,0
林家铺子 糖水黄桃水果罐头 425g*6罐 整箱,0
【年货节第二份半价】99元3斤 炭烤鱿鱼仔  开袋即食 500g/斤,0
【致选商贸】面呷面开封小吃金汤牛肉面118g*6桶,0
主播推荐【粉丝福利】10包每日坚果20克左右/包混合坚果零食休闲,0
【主播专享】丹麦风味 经典奶香曲奇饼干56g/盒（拍一发六）,0
鸡蛋灌饼90克*20片 健康早餐面饼皮饼胚家用速食懒人食品闪电发货,0
旺仔牛奶巧克力奶145ml*12罐儿童学生营养早餐礼盒整年货送人,0
泰那兰泰国香米超长粒香大米2021年新米2.5kg5斤体验装丝苗米批发,0
【浪姐专享】状元蔡酸辣无骨鸡爪500g/1000g装含汤汁（顺丰快递）,0
【直营】君乐宝简醇酸奶0添加蔗糖100g*16袋,0
沁晚香红糖姜枣茶桂圆红枣枸杞茶10包150g,0
直播间专享四川手工纯糯米糍粑500g/袋,0
蜀中桃子姐钵钵鸡调料包320克底料包冷锅串串香,0
俄罗斯进口糖果kdv巧克力夹心糖果500g包邮紫皮糖,0
【官方旗舰店】大窑嘉宾橙诺汽水童年怀旧饮料500ml*8罐装 ,0
老旮双面蟹香蛋黄锅巴250克/500克/1000克,0
皇家小虎葡式蛋挞皮蛋挞液 空气炸锅烤箱做健康新鲜美食30个+500g,0
桃李 枣沙蛋糕 100g*6袋 枣糕 风味蛋糕红枣口袋小面包蜜饯点心,0
【主播推荐】比利时风味焦糖饼干358g/盒,0
【主播推荐】RIO/锐澳预调酒果酒洋酒微醺X清爽330ml*28罐,0
【广州表哥专属】茂嘉庄牛肉粒袋装38g多口味3包送2包18g牛肉粒,0
年货节爆浆曲奇小蛋筒三种口味夹心小丸子升级版308克盒装 30个,0
【新号开播宠粉浮力限购十份】潮汕果木烤猪肉脯独立小包约8g/片,0
【推荐】认养一头牛酸奶*1提+纯奶*2提（酸纯分开发货）,0
推荐：美丽家高粱饴 软糖 童年记忆 拉丝多口味饴糖 500g/包,0
卡豪佳【七个柚子】手工德式一口酥零食1盒,0
兵王的炊事班【0脂爆浆】全麦巧克力夹心欧包代餐主食一箱16个,0
（新人试吃款）吴越斋招牌划算五花肉蛋黄粽料足250g*2只包邮,0
姜老大 138g海盐黑胡椒粒128g混合黑胡椒 可研磨调料西餐牛排调料,0
旺~旺旺仔 团缘大礼包600g*2 年货礼包组合休闲零食巨型大礼包,0
湖南豆腐乳210克,0
推荐_【三只松鼠_坚果大礼包/欢喜款/1320g】MJ,0
【9.9发20包】蔓越莓雪花酥 【拍2份发50包】,0
【源头厂家直销】罗小乖柳州螺蛳粉1包/2包/3包/5包/8包 ,0
真心罐头黄桃罐头336g*6罐,0
田原归朴【东北五常七色糙米·新米】七色糙米五谷杂粮粗粮5斤起,0
【泉水灌溉】2021年新米 山地小米 米黄油厚玫乡山里人1-5斤,0
【小牛货栈】炖牛羊肉羊排骨头调料包一袋含5包*5g/包,0
【13大罐99元送一壶四杯】大红袍+小种+金骏眉+铁观音+花茶+绿茶 ,0
【限量必抢】良品铺子嗨吃美味惠组合4013g  A,0
方砖厂69号炸酱200g/罐 翡翠腊八蒜400g/罐以下单规格为准,0
【美大仙专属】螺之源310克8包送1包元元会高配螺蛳粉,0
新疆吐鲁番树上黄葡萄干2斤装,0
浙梅大西梅500g/袋 独立包装零食蜜饯加州西梅,0
湖南特产豆条卷125g/包小吃麻辣网红辣条零食儿时怀旧变态辣片,0
【精选】聪厨湘西外婆菜250g*2袋实惠装免洗免切下饭菜,0
【网红爆款】酸奶夹心麻花6根一箱 手工软麻花 现做现发s8,0
【年货节狂欢】拉芙俐 桂花坚果藕粉羹 500g*3罐+玻璃杯勺,0
【粉丝福利补贴】多口味青豌豆休闲零食炒货12小包分享装十份起售,0
麻酱面皮 18袋*123克 煜锭清真 方便面凉皮面皮拌面懒人速食夜宵,0
【小杨哥专属】味滋源礼盒年货坚果12包红色年味礼盒1290g/箱,0
【年货囤好货】推荐_【三只松鼠_定制年货饱饱零食大礼包/5186g】,0
（秀姐年货节专享）肚肚家无骨鸡爪酸辣甜蒜香味吃播同款 2斤/罐,0
【秀姐专属】三和味园雪饼60包,0
手工三色藜麦全麦馒头6个12个,0
【9.9元30包素牛排】南北特手撕素牛排素肉网红麻辣追剧小零食,0
【9.9元30包素肉】创奇手撕素肉麻辣豆干休闲零食小吃批发30-90包,0
【上乘优品】麻婆豆腐调料包商用配方四川特产麻辣豆腐调料/160g,0
【感恩福利】红糖桂圆红枣枸杞姜茶送女朋友老婆 150克*10包/盒,0
【晴子专属】榴莲蛋糕6寸 8层800g含400g榴莲肉 动物奶油 ,0
【花】2021虎缘稻花香米2.5kg/袋（绿袋新米）,0
【年货礼盒】吾尚草莓味、原味AD钙奶220ml*20瓶,0
波比跳健身油醋汁0脂肪油醋280g  水煮菜酱料凉拌菜调料,0
品音棒棒糖 品尝爱情的味道 一生有你就是未来的情歌 音乐糖1支装,0
【1箱】拍1单发8盒 红太吉正宗佛跳墙250g/盒 礼盒装,0
辉茗阳 猫屎糖 茂名特产猫屎糖 椰蓉花生软糖 250克,0
新货琥珀核桃仁250g*1净含量新鲜核桃肉坚果孕妇零食炒货,0
【主播专属】山药南瓜酥千层酥零食1盒,0
【思总宠粉专属】牛螺哥柳州螺蛳粉水煮型300g/包 拍一发九包装,0
【爆款商品】嗨吃家胡辣汤65克*6桶口味地道,0
【小米专享】农道好物 玉米糊 醇香可口 细腻顺滑 400g/袋  ,0
【西麦】西麦西澳阳光原味牛奶28g6袋红枣牛奶燕麦片28g6袋,0
【极速发货】手打坚果丸子多种果仁独立包装整箱80粒,0
汇源果汁100%臻贵礼盒1L*5盒【口味随机】赠95°复合果汁,0
秋水良田五常香米拍一发四共20斤真空包装/五常直邮,0
恋小果 奇亚籽坚果藕粉羹500克/罐 2罐 送玻璃杯勺,0
新边界红枣500g新疆特产和田大枣干果零食枣子,0
展艺大号葡式蛋挞皮51个+蛋挞液500g*2盒套装【展艺自播宠粉,0
【新米 】五常长粒香米 5斤 新米 现磨现发 五常发货 真空锁鲜,0
【小杨哥专属】精武全明星卤味零食大礼包组合8袋装,0
蜀中桃子姐 钵钵鸡调料包320克串串香冷锅串串底料包,0
波沽屋咖啡奶香小熊饼干330g整箱双口味休闲饼干,0
回味一梦鹌鹑蛋一333g（约45枚）儿童小吃零食独立包装即食小卤蛋,0
俄罗斯进口KDV紫皮糖500g*2袋,0
400g青花椒酱 四川特产 藤椒酱麻椒油 凉拌汁凉面凉皮调料 特麻,0
琥珀核桃仁250g/500g坚果零食干果休闲罐装散装熟核桃肉,0
厂家直发武汉热干面拌面独立包装3袋带调料包邮,0
【直播专享-优惠】梅菜扣肉加热即食大份量500g/盒   严选kp-h,0
鼎橙 天然猪肠衣套餐 灌香肠腊肠脆皮肠宝宝放心吃50g灌肠器,0
冰岛甜 普洱茶（生茶）100g/饼<yfx>,0
【四季斋粽子】新鲜实惠网红七龙珠肉粽500g*2只【顺丰包邮】,0
源氏大刀肉+大辣片+功夫辣丝组合，3款20包1576g,0
【拍一发七包】盼盼软面包小面包瑞士卷蛋黄派糕点聚惠组合1230g,0
【老吴推荐】芝麻碎饼500克1包  随机口味不选择,0
佳仙锅主鱼香肉丝调料80g 炒菜川菜家用调料包,0
【专享】金之郎水果味低糖低脂果冻儿童休闲零食4斤什锦口味,0
巴旦木500g250g袋装坚果大颗粒巴达木奶油味薄壳包邮干果零食5斤,0
【达人专属】白水杜康牛转乾坤酒,0
【火号火焰兔】酸辣柠檬网红无骨鸡爪200g/500g/1000g即食凤爪,0
初味刘刘无骨鸡爪酸辣、泡椒味含汤1000g顺丰包邮,0
【粉丝福利】伊利安慕希酸奶黄桃燕麦味200ml×10瓶 原味酸奶,0
【疆小金推荐】蜜之番新疆特产多色多味组合葡萄干1斤/2斤3斤/4斤,0
【保税】Genyadana HAMADAYA滨田 饼干条 80g/盒 （2个x2袋）,0
【99元4大袋】筋头巴脑真空包装，现做现发新鲜加热速食 600g/袋,0
菜花李冲泡型麻酱米线170g*6桶,0
焖百味糖醋酱汁糖醋排骨糖醋鱼糖醋里脊虾仁家用商用秘制调料200g,0
【新粉免费试喝】大红袍铁盒装（20袋）红盒J,0
匡匡家海苔卷   连云港发货   海苔肉松卷  100克,0
【宛禾米线】麻酱米线（水煮型） 南阳特色细米线 210g/袋,0
徐州米线肉酱米线5份顺丰包邮装（1750g）徐州乡土特色美食,0
推荐_【三只松鼠_坚果大礼包/欢悦款/2831g】CB,0
林家铺子左右双色罐头200g*8罐装,0
靖江正宗手撕肉脯1包0.33元 靖江猪肉脯特产大礼包,0
荞麦方便泡面皮免煮干拌饱腹速食杂粮面皮110g,0
山西陈醋山西特产工厂直发 800ml拍一发三,0
美丽家高粱饴——软糖 童年记忆 拉丝多口味饴糖 500g/包（包邮）,0
【直播推荐】川娃子烧椒酱炭烧辣椒酱下饭酱230g ,0
【6斤69元】山药坚果沙琪玛 健康营养 无蔗糖 现货现发,0
香港珍妮曲奇二味四味奶油聪明小熊曲奇饼干220g-640g,0
{晨弟}俄罗斯进口KDV紫皮糖2斤,0
【新粉专享】52度浓香经典750ml*1瓶 龙酒升级版,0
桃园建民坚果炒货休闲零食小袋装卤味大花生五香大花生400g,0
【小影推荐】碳烤风干牛肉干500克/袋 ,0
【官方专享】味滋源休闲零食坚果礼盒10包1280g送礼,0
川天娃明星句号代言川天娃红烧汁家用正宗120g六袋,0
【大雄团队福利】买2送碗勺 萌萌獭酸奶果粒烘焙燕麦片250g/袋,0
百食香焖饭酱汁懒人焖饭茶缸饭铁板炒饭调料120克,0
熙贝【S】银坑村夏威夷果袋装250克/500克2.5kg,0
DAOXIANGYING/稻香影【小影推荐】玫瑰坚果藕粉羹500g/罐,0
 【大袋实惠装】盘锦大米20斤,0
｛洪濑黑果鸡爪｝72g（鸡爪&面筋混装）福建特产小吃锁鲜即食,0
【礼赠佳选】青岛啤酒 10度500ml*12听福罐 送礼喜庆 青岛产,0
【龙姐专属】任买2罐送杯 雨子坊蜂蜜柚子茶百香果茶柠檬茶500g,0
金杏干 果干杏干 无添加 酸酸甜甜 100g 包邮 利吉氏,0
【拍2份发80根】粗粮米果棒 蛋黄味 30根【粗粮含量≥10%】,0
【小花妞专属】泓一北海道风味牛乳味威化饼干240g网红年货零食Y5,0
【主播优选】金年风干五花肉500g  淡咸肉 腌笃鲜菜饭食材,0
湖湘大师小炒黄牛肉酱汁湘菜经典菜系小炒牛肉湘菜大师调味120g,0
香飘飘经典+新升级混合口味15杯装奶茶早餐,0
 叻滋滋滋一口香菇肥牛素肉15包韩式素牛肉香菇肥牛怀旧零食,0
厨师兄麻辣香锅 干锅酱（四川复合调料家用商用每袋160g）,0
【真果集】爆浆陈皮糖208g夹心陈皮软糖正宗老陈皮 厂家直销,0
【老沧口】港式牛奶吐司400g*1个装,0
【小贝专享】宜养针叶樱桃乳酸菌饮品100g*24瓶 黄圣依代言,0
【郝老师专享】李子柒螺蛳粉广西特产柳州螺蛳粉335g*8袋,0
靖江正宗手撕肉脯30包9.9元 靖江猪肉脯特产大礼包,0
邂逅茶半糖爆浆果汁软糖258g/袋流心水晶糖果酱夹心糖果零食,0
谭八爷188g*1袋麻辣香辣兔头四川特产双流老妈兔头网红零食,0
四川凉山 特色手工1斤装 腊猪舌,0
A1;雨润 优级爆炒王200g*5+桂花盐方220g*5,0
煌记 肉松脆芝士味 千层酥脆饼干休闲零食网红美味零食 68g,0
【首播浮力】米多奇香米饼米饼50包散装休闲食品小零食02,0
匠味格酸辣粉方便办公室宿舍速食整箱130克*6桶,0
【爆款产品】嗨吃家荞麦魔芋面78g*12袋,0
 德芙巧克力超市同款碗装252g-18条,0
【果铺佬】新货东北松子250g特大颗粒手剥开口红松子坚果零食,0
【超值好物】农家红薯淀粉家用纯手工无添加红苕粉正宗番薯粉1斤,0
俄罗斯进口松露巧克力400g/袋,0
 【拍一发二】猴头菇小米南瓜粥400g*2罐,0
【媛媛生日专享】小牛有约原制奶酪棒100g*10袋共50支,0
【非遗】十吉重庆牛油老火锅底料50g小包装一人份麻辣烫香锅调料,0
【推荐】良品铺子葡萄干沙琪玛500g 2/3规,0
莎布蕾武士曲奇饼干网红爆款夹心多口味圣诞零食饼干小吃休闲食品,0
古法老味道 黑小麦面粉5斤-10斤,0
【浩麦】香蕉片250g水果芭蕉香蕉脆片办公室休闲零食,0
推荐【百草味】大巨型零食大礼包（抱个好运） 3473g,0
【AAA】轩博大师德国工艺精酿啤酒整箱 2升装4桶,0
【西咸专享】宝鸡擀面皮香辣口味6袋*300g顺丰包邮,0
哇呀泡鸭掌216g*2 商超同款泡爪休闲零食龙岩土楼特产即食小吃,0
豫吉猴头菇菌饼干32g*10袋/20袋/40袋整箱小饼干休闲小零食,0
【年货专享】豆乳威化饼干128g袋装网红威化休闲零食夹心茶点|A2|,0
燕壹壹黄焖酱汁调味酱（每袋90g）,0
【葡式蛋挞】睿澳葡式蛋挞30个蛋挞皮+500g蛋液,0
【S】熙贝 芒果干250g/500g,0
【陈三废专属】伊利 安慕希原味酸奶205g*12盒 ,0
【六大茗茶99元】正山小种+金骏眉+大红袍+铁观音+绿茶+花茶 13罐,0
【500g/约65个】手打坚果丸子瓜子酥多种果仁坚果独立小包装,0
【百草味D】镇店果干组合1549g/14袋,0
【非遗】重庆特产小吃 蒋胡豆怪味胡豆零食100g/袋  指定地区包邮,0
妙飞儿童棒棒奶酪500g*2另送100g*2 共60支   S,0
劲仔小鱼20包/袋装20包/140克,0
JIN GUA/金瓜 【家庭装不加糖】500g农家小香薯干带皮香薯红薯干,0
【刘媛媛生日专享】日式蔓越莓奶香雪花酥112g/包,0
干烙脆蛋糕饼干【30包/箱-60包/箱】 鲜鸡蛋成分+黑芝麻实物添加,0
【推荐】新货手剥巴西松子500g散装大颗粒松子非特级特大孕妇零食,0
比比赞龙岩泡鸭爪10个装300g,0
【粉丝专享】富昌桂圆干450g 桂圆肉干龙眼干货福建特产,0
洽洽经典红袋香瓜子26g*9袋超值福利-DWS,0
川香秋月麻辣萝卜干300g*2瓶装四川特产农家自制干货脆萝卜下饭菜,0
新货芒果干500g250g袋装整片厚切芒果干,0
【今年新货】壹核堂 新疆原味南瓜子仁  开盖即食 每罐净重150克,0
阿尔卑斯巧禾棒果仁夹心巧克力味米果充饥点心250g 500g 1000g,0
【杂粮煎饼福利】山东沂蒙山纯手工杂粮煎饼250g（4-5张煎饼）,0
原味花生酥传统手工特产小吃酥糖老式小零食糕点花生糖酥茶点250g,0
手工芝麻油炸麻叶子500g大包装传统家乡咸味零食山东河南安徽特产,0
【主播力荐】经典28℃松露巧克力80g/盒（拍一发三）,0
【秀姐福利专属】酸贝辣310g*6广西柳州螺蛳粉袋装速食螺狮粉-LD,0
巴旦木250g/500g袋装坚果奶油味薄壳巴达木整箱薄壳孕妇干果零食,0
A2【59元8袋包邮】江西特产 碳烤笋片 脆嫩鲜爽 炒菜煲汤 300g/袋,0
【人气 爆款】诺贝达 白雪奶皮面包 整箱438g,0
【年货礼盒】新货薄壳大杏仁巴旦木500g扁桃仁巴达木奶油坚果散装,0
【36克拍两份19.8发22包】好吃岛山药脆片薄片1份10包 5种口味！,0
饭匹兄弟湖南农家手工自制原味糯米笋 免泡发免切 嫩笋  248g/袋,0
【刘媛媛生日专享】海天生抽1.28L味极鲜1L蚝油1kg醋1.28共10件,0
【云南盐津乌骨鸡】香辣冷吃鸡丁100g,0
七彩菌汤包云南特产羊肚菌鸡油菌虫草花竹荪滋补养生煲汤食材35克,0
姐馋【粗粮玉米酥】粗粮玉米酥烘焙整箱60袋30袋膨化糕点零食   ,0
【粉丝专享】吃小天正宗柳州加臭加辣螺蛳粉330g*(5+3包）螺丝粉,0
【烤小饼干专属】正宗老上海葱油饼/梅干菜饼90g*10片,0
【丛姐感恩粉丝专属】金鹤生态长粒王东北大米真空包邮5kg*1袋,0
有友【星选2】山椒豆干山椒竹笋山椒花生95g*6袋,0
pxy朴小样韩式石锅拌饭酱 韩国风味拌饭酱辣酱瓶装350g,0
雅客软糖组合V9软糖508g芒果软糖500g玉米软糖500gDPZB2,0
四川趣娘子洪霞家的红薯粉3-5斤装,0
【柚子专属】耶米熊麻薯小Q包约12个/盒120g麻薯球面包团子,0
卤料包茶叶蛋秘制家庭卤料炖肉配方商用包装卤水/味/菜/牛肉调料,0
【9.9发50包，拍2份发125包】牛奶燕麦酥 奶香浓郁 酥酥脆脆,0
张一元茶叶浓香茉莉花茶春茗春雪组合装 金般品质 60g（每袋）,0
特大带皮腰果仁250g/500g原味紫皮干果零食盐焗越南坚果炒货年货,0
【翻天娃】爆辣通心棒魔术丝组合338g网红辣条香辣面筋休闲零食品,0
【12厂直发】美粮坊老上海葱油饼正宗风味20片*90g速食早餐,0
【小燕年货节补贴】婉小小手撕烤脖40g*8根,0
卫龙78°卤蛋熟鸡蛋35g/袋 DR,0
zb2【原产地直发】正宗新疆枣仁派 好吃有营养 252g/袋,0
【精美礼盒，限1000单】伊诺滋金莎球果仁夹心巧克力球500g*箱,0
【9.9元20包】巧玲珑虾肉饼整箱雪饼米饼200克/箱,0
【新粉福利】茅台镇赖世公金标15酱香型53度粮食酒500ML  限购2瓶,0
【沈小善鸡肉条】麻辣五香解馋零食高蛋白鸡胸肉条100g/罐,0
【宠粉福利】乐事薯片25包组合 共410g 热销口味随机发,0
【秋姐专享】中原雪饺子粉天然五彩果蔬饺子粉饺子专用粉2250g,0
新货坚果奶油味碧根果250g/500g袋装散装称斤长寿果干果零食整箱,0
【辈儿香】八爪烧拍1发8 46克/袋 （拍2件随机送2包 共18包）,0
【小燕年货节补贴】花语栖水果坚果藕粉500g/桶 拍一发二,0
推荐【经典五香扒鸡】乡盛德州特产五香脱骨扒鸡450g*3 总重1350g,0
【年货节】西班牙进口科滕小麦白啤酒1L*6瓶  临期22年3月1日到期,0
【憨豆熊】夏威夷果大颗粒250g奶油味坚果,0
【送两个鸭锁骨】我的天呐爆款组合吃货必备免煮冲泡  12桶  ,0
汇源果汁100%臻贵礼盒1L*5盒（赠95°复合果汁饮料）,0
【晴子粉丝专享】奇亚籽坚果藕粉-【500g*2桶】-两个包裹发货,0
爱尚虾味片8g*20包,0
【直播限定】集鲜小笼汤包 鲜肉灌汤包 速冻早餐夜宵2/4盒组合装,0
【格格专属】优本味蛋黄锅巴 500g/盒 肉松味/蟹香味,0
【香甜糯玉米自产自销】东北黑土地香糯甜玉米6根8根10根20根,0
H2：口水娃酸奶山楂球408g,0
【S】银坑村 带衣腰果紫皮腰果 袋装250克/500克2.5kg,0
【9.9元30包】南北特Q豆干豆腐干小吃零食麻辣休闲零食小包装,0
【优选】诸葛卧龙花椒馍片  128g*5袋装 椒香味 麻辣味 ,0
大酥说红糖小麻花年货客厅招待小茶点400g /箱,0
汇源1L*5100%系列果汁礼盒装【单口味支持自选】【送鲜果饮】,0
QHE其嘉含牛初乳奶贝贝 儿童宝宝高钙奶片100g*4袋,0
达利园花生牛奶原味250ml,0
【专享】田小花黑芝麻威化饼干258g/箱,0
小熊驾到优质黄面包糠250g实惠装WG,0
【刘媛媛生日专享】张裕择乐红葡萄酒  半干型  11.5度   750ml*6,0
怡宝纯净水4.5L*4桶/箱 实惠家庭装 泡茶煲汤 饮用水 DY,0
含钙淡干虾皮 宝宝吃 老少皆宜 虾皮 100克/瓶,0
【百草味】百草味（茶几上的春晚）坚果零食礼盒1760g*2  ,0
东北松子500g250g大颗粒手剥开口松子野生松子仁坚果零食年货5斤,0
茂嘉庄牛肉粒袋装38g香辣五香沙嗲多口味3包再送2包18g牛肉粒,0
姐馋【花生小米酥】正品小米酥整箱60袋糕点膨化小零食独立包装,0
【主播专享】益叔 雪媚娘网红蛋糕甜点120g /枚,0
泰式风味汁100g网红柠檬鸡爪酸辣凤爪调味料泡凤爪家用商用装,0
【乌啦啦专享】好欢螺螺蛳粉加臭加辣400克3袋官网正柳州螺蛳粉,0
kissport【6盒】L无糖薄荷糖果清新口气口香糖网红糖16g/盒  ,0
贵州大方麻辣辣椒面250克（半斤）起包邮,0
【厂家直销】源氏功夫辣条32g/包，香辣小辣丝面制品辣条,0
【爆款复购率高】牛螺哥柳州螺蛳粉水煮型300g/包 五包装 发货,0
【视频爆款】渣渣灰全口味拌粉6盒装+赠4盒南昌拌粉,0
山东特产纯手工五谷粗粮粘豆包0添加130g 拍6发7,0
百威 Harbin/哈尔滨啤酒 醇爽330ML*24听（2箱）（分开发货）D,0
【福虎迎春/乐推约100颗】诺梵松露形巧克力年货500g礼盒装yfl,0
李子柒螺蛳粉广西特产柳州螺蛳粉335g*11袋礼盒装,0
【七月店铺】西郭村手工粗粮粘豆包960g,0
【59元8大袋包邮】江西特产 炭烤笋尖 脆嫩鲜爽 炒菜煲汤 280g/袋,0
【炮炮唐专属】零食工坊 芒果干 100g×3袋,0
主播推荐【粉丝福利】10包每日坚果20克/包混合坚果零食休闲零食,0
切糕王子_新疆特产酥脆灰枣220g/箱/11袋 无核酥脆红枣,0
原味干炒瓜子-内蒙古瓜子葵花籽瓜子500g,0
【宸泽专享】雅集芒果干100g*5,0
豉汁王调味酱调味品（每袋60g）by,0
【宏霸】开播浮力兰州拉面1盒装限1单,0
【QY】小鱼小虾  虾条虾片 35g*8包  休闲零食 ,0
【粉丝专享】网红爆款代可可脂果仁夹心巧克力紫皮糖200g /包,0
【到手5包装】满小饱香港肥汁米线310g  优惠5包装（送午餐肉）,0
流心降霜 柿饼 吊饼 圆饼 1/2/3斤 柿子饼,0
【徐大宝专享】惠农神星手撕风干鸭脖60g*6根装氮气锁鲜网红零食,0
(LH4)(DZ03)贝尼松庄园·亚斯兰珍藏红洋酒组合750ml 12.5%vol  ,0
【店长推荐】吃哆味麦片巧克力棒营养燕麦片网红爆款小零食500g起,0
盐津铺子深海鱼豆腐休闲零食嫩豆干 （20包/8.9）（50包/17.9）,0
【直播间福利2】三合一爆米花球形焦糖味/奶香味 200g 自制美食,0
美味螺柳州螺蛳粉310g*2包装,0
【星星哥专享】恋上谷奇亚籽坚果藕粉羹500g/桶,0
SOLOVE纯可可脂黑巧克力盒装120g（共24片）,0
K1中闽飘香冻干柠檬片买一送一再送梅森杯75g/盒,0
碧根果新货500g250g袋装坚果零食奶油味散装长寿干果年货5斤,0
【工厂批发】55克/袋重庆老火锅底料麻辣烫调料包串串香鸳鸯火锅,0
【零食糕点】盼盼休闲零食麦香鸡味块8g*20（口味随机）,0
【程程专享】关东煮网红爆肚粉酸辣粉关东煮花甲粉组合到手6桶,0
先疯农人恩施柴火烟熏腊味腊排骨500g土家腊肉直排子排中排小排,0
【浩麦】带皮腰果3斤/500g/250g紫衣盐焗腰果新货坚果干货零食,0
蜀坛香四川老坛酸菜400克/袋今日下单发5袋,0
 油条粉自发粉 1袋*1000克,0
手打坚果丸子多种果仁组合独立包装整箱60包,0
【泡泡姐粉丝专享】海岛大亨 福建特产 散装新货 桂圆干 500gx2袋,0
【粉丝福利】花生牛轧糖老式零食500g/袋包邮,0
【小杨哥专属】畅小星0脂肪乳酸菌风味饮料300mlX12瓶+100mlX8瓶,0
【主播力荐】丹麦风味 经典奶香曲奇饼干56g（拍一发六）,0
【SH】德芙丝滑牛奶巧克力手提铁盒装15粒 ,0
刻凡榴莲饼500g*1箱,0
【官方旗舰店】林家铺子彩标糖水黄桃425g*6罐装,0
 俄罗斯喜乐趣花生坚果糖/朵米斯松露土豆泥糖，两袋共1000克,0
吉祥家宴一汁成菜京酱肉丝130克,0
红烧料120g家用红烧酱料商用秘制红烧排骨大棒骨酱汁红烧料,0
【59元5大袋】山东日照特色裙带菜 高泡发脆嫩爽口40g/袋,0
南极人0脂肪蓝山黑咖啡2g*100包+送咖啡杯,0
【秘制鸭舌】麻辣教室招牌菜温州特产160g,0
【刘媛媛生日专享】汇源200ml100％果汁1＊12 【国风版口味随机】,0
【秀姐专属】手打坚果丸子多种果仁组合独立包装整箱60颗,0
卡尔加里狮干红葡萄酒单支750ml,0
【专享推荐】昊七七纯手工榆林镇风味筋饼350g（20张）*4袋,0
好紫味非油炸兰州牛肉拉面123g6桶/12桶,0
诺梵松露巧克力四口味福虎迎春500g礼盒装rd,0
【刘媛媛生日专享】海底捞火锅底料醇香麻辣牛油番茄清汤蘸料7包,0
【SH】年货家庭装德芙MM豆套餐（加赠士力架500g+赠真知棒500g）,0
新货奶油味夏威夷果250g/500g袋装大颗粒坚果干果零食小吃整箱,0
【主播推荐】状元蔡酸辣无骨鸡爪500克/1000克含汤汁（顺丰快递）,0
【推荐】良品铺子乐享坚果礼盒2063g A,0
10袋起拍-重庆特色佳仙老火锅底料50g手工全型麻辣烫底料懒人小袋,0
blike金德福山泉【专属】Blike蒟蒻果冻果汁吸果冻160g布丁,0
网红大牛威化  俄罗斯进口巧克力威化33g*14块,0
烟熏豆腐干1斤2斤（3个5个手工浑水米豆腐）四川南充土特产,0
诺贝达 拔丝鸡蛋糕 整箱380g,0
麦田派绍兴梅干菜干货浙江梅菜干干菜梅菜500克/1000克,0
【不加糖地瓜干】农家软糯倒蒸地瓜 番薯干不带皮红薯干158克/袋,0
E美粮坊正宗老上海风味葱油饼20片1800g ,0
【S】巴旦木/壳杏仁 纸皮巴旦木 NP级 超好剥袋装250g/500g2.5kg,0
【直播】王小卤虎皮凤爪卤味零食六袋装赠豆腩120g*1鱼皮35g*1,0
【4大袋足足两斤99元包邮】内蒙古特产 酱牛肉 卤味十足 半斤/袋,0
巴旦木坚果250g袋装杏仁奶油味扁桃仁巴达坦木干果炒货孕妇零食,0
【福利优选】丹麦风味、奶香曲奇56g/盒（拍1发6）,0
【苛选推荐】良品铺子良品谢礼-欢聚坚果礼2038g,0
【年货价】喜之郎混合味90g*8袋48个休闲儿童零食果味果冻,0
【宠粉福利】KlmlGong国产俄罗斯风味紫皮糖每包200g拍一发二,0
【刘媛媛生日专享】燕麦巧克力棒400g*2袋原味年货糖果高颜值XS,0
波比跳广式叉烧酱160g/袋(内含2包)调料烧烤烧肉炒菜腌制排骨蘸料,0
